timestamp,open,high,low,close,volume
2026-01-01 05:30:00,87616.5,87794.0,87608.5,87713.5,14780.0
2026-01-01 05:45:00,87714.5,87763.0,87714.5,87754.5,7348.0
2026-01-01 06:00:00,87755.5,87756.0,87710.0,87724.0,8056.0
2026-01-01 06:15:00,87723.0,87828.5,87723.0,87782.5,14211.0
2026-01-01 06:30:00,87782.5,87992.5,87782.5,87970.0,48022.0
2026-01-01 06:45:00,87970.0,88026.0,87841.5,87845.5,41772.0
2026-01-01 07:00:00,87845.5,87875.5,87806.0,87868.0,19521.0
2026-01-01 07:15:00,87868.0,87989.0,87849.5,87925.0,20516.0
2026-01-01 07:30:00,87926.0,88006.0,87877.5,87972.5,22310.0
2026-01-01 07:45:00,87972.5,88074.0,87912.0,87934.0,54108.0
2026-01-01 08:00:00,87934.0,88038.5,87922.0,87937.5,39004.0
2026-01-01 08:15:00,87937.5,87947.5,87873.0,87893.0,26721.0
2026-01-01 08:30:00,87893.0,87974.5,87863.0,87970.5,25435.0
2026-01-01 08:45:00,87970.5,88004.0,87871.5,87909.5,27685.0
2026-01-01 09:00:00,87909.5,87934.0,87883.5,87916.0,11884.0
2026-01-01 09:15:00,87917.0,87917.0,87815.5,87828.0,27926.0
2026-01-01 09:30:00,87833.0,87841.0,87615.5,87634.0,90231.0
2026-01-01 09:45:00,87635.0,87677.0,87524.0,87615.0,80644.0
2026-01-01 10:00:00,87620.0,87649.0,87536.5,87536.5,37751.0
2026-01-01 10:15:00,87554.0,87639.0,87544.5,87575.0,22428.0
2026-01-01 10:30:00,87575.0,87710.5,87575.0,87679.0,36720.0
2026-01-01 10:45:00,87678.0,87718.0,87648.0,87689.5,25876.0
2026-01-01 11:00:00,87688.5,87729.0,87628.5,87683.5,24162.0
2026-01-01 11:15:00,87683.5,87707.0,87676.0,87684.0,15182.0
2026-01-01 11:30:00,87684.0,87684.0,87611.0,87634.0,21818.0
2026-01-01 11:45:00,87634.0,87646.0,87629.5,87642.0,14698.0
2026-01-01 12:00:00,87641.0,87656.0,87630.0,87639.0,16635.0
2026-01-01 12:15:00,87639.0,87645.0,87630.0,87630.0,10680.0
2026-01-01 12:30:00,87630.0,87649.5,87566.5,87624.5,24436.0
2026-01-01 12:45:00,87624.5,87648.5,87578.5,87581.0,20407.0
2026-01-01 13:00:00,87581.0,87645.5,87581.0,87617.5,14227.0
2026-01-01 13:15:00,87616.5,87649.5,87589.0,87612.0,20495.0
2026-01-01 13:30:00,87613.0,87808.0,87598.5,87740.5,63896.0
2026-01-01 13:45:00,87739.5,87755.0,87691.5,87719.0,27727.0
2026-01-01 14:00:00,87719.0,87764.0,87674.5,87675.5,28265.0
2026-01-01 14:15:00,87681.0,87755.0,87680.0,87751.0,15805.0
2026-01-01 14:30:00,87750.0,87841.0,87725.0,87831.0,41589.0
2026-01-01 14:45:00,87832.0,87950.5,87791.0,87807.5,90226.0
2026-01-01 15:00:00,87807.5,87857.5,87807.5,87851.5,15095.0
2026-01-01 15:15:00,87850.5,87856.0,87824.0,87856.0,14140.0
2026-01-01 15:30:00,87856.0,87862.5,87828.5,87840.5,15078.0
2026-01-01 15:45:00,87839.5,87839.5,87761.5,87832.5,34358.0
2026-01-01 16:00:00,87832.5,87842.0,87805.0,87809.5,17768.0
2026-01-01 16:15:00,87809.5,87863.0,87805.5,87843.0,20888.0
2026-01-01 16:30:00,87842.0,87940.0,87828.5,87900.5,35142.0
2026-01-01 16:45:00,87900.5,87958.0,87892.5,87898.5,33366.0
2026-01-01 17:00:00,87899.5,87934.5,87847.5,87889.0,32296.0
2026-01-01 17:15:00,87889.5,87993.0,87888.5,87989.5,66879.0
2026-01-01 17:30:00,87989.5,88009.0,87946.5,87968.0,90643.0
2026-01-01 17:45:00,87961.5,87999.0,87912.0,87971.5,50946.0
2026-01-01 18:00:00,87970.5,87970.5,87890.5,87939.5,56989.0
2026-01-01 18:15:00,87939.5,87955.0,87906.5,87907.0,17926.0
2026-01-01 18:30:00,87907.0,87963.5,87850.5,87950.0,55685.0
2026-01-01 18:45:00,87949.5,87991.5,87922.5,87947.5,37996.0
2026-01-01 19:00:00,87947.5,87959.0,87909.5,87954.5,30333.0
2026-01-01 19:15:00,87950.0,87950.0,87827.0,87880.0,67694.0
2026-01-01 19:30:00,87880.0,87932.0,87783.5,87918.5,120453.0
2026-01-01 19:45:00,87919.5,87933.0,87807.5,87830.5,45854.0
2026-01-01 20:00:00,87830.5,87870.5,87766.5,87869.5,84455.0
2026-01-01 20:15:00,87868.5,87939.0,87850.5,87927.0,54523.0
2026-01-01 20:30:00,87927.0,87952.0,87880.0,87951.0,46177.0
2026-01-01 20:45:00,87952.0,88051.0,87933.5,87975.0,142713.0
2026-01-01 21:00:00,87974.0,88086.0,87894.5,87983.5,100277.0
2026-01-01 21:15:00,87984.5,88059.0,87950.5,87996.0,47123.0
2026-01-01 21:30:00,87996.0,88016.0,87876.0,87906.0,69795.0
2026-01-01 21:45:00,87905.0,87930.5,87839.5,87922.0,76456.0
2026-01-01 22:00:00,87923.0,87965.5,87903.5,87907.0,44026.0
2026-01-01 22:15:00,87907.0,87964.5,87907.0,87964.5,23580.0
2026-01-01 22:30:00,87964.5,88054.0,87941.5,88025.0,55789.0
2026-01-01 22:45:00,88026.0,88251.0,88000.0,88226.5,244555.0
2026-01-01 23:00:00,88225.5,88485.0,88225.5,88316.5,279518.0
2026-01-01 23:15:00,88316.5,88433.0,88258.5,88290.5,96700.0
2026-01-01 23:30:00,88290.0,88342.0,88141.0,88145.5,112304.0
2026-01-01 23:45:00,88143.0,88235.0,88075.0,88076.0,94822.0
2026-01-02 00:00:00,88075.0,88165.0,88075.0,88153.5,31060.0
2026-01-02 00:15:00,88154.0,88196.0,88126.0,88174.5,26818.0
2026-01-02 00:30:00,88174.5,88174.5,88045.5,88090.5,47962.0
2026-01-02 00:45:00,88090.5,88150.5,88089.5,88139.5,27349.0
2026-01-02 01:00:00,88138.5,88316.0,88136.0,88304.0,57308.0
2026-01-02 01:15:00,88303.0,88413.0,88275.0,88364.0,68848.0
2026-01-02 01:30:00,88363.0,88364.0,88268.5,88308.5,28092.0
2026-01-02 01:45:00,88308.5,88337.0,88280.5,88336.0,12433.0
2026-01-02 02:00:00,88336.0,88345.0,88210.5,88219.5,26678.0
2026-01-02 02:15:00,88218.5,88257.5,88205.5,88229.5,8603.0
2026-01-02 02:30:00,88235.5,88409.0,88220.0,88354.0,23801.0
2026-01-02 02:45:00,88354.0,88369.5,88322.0,88350.0,8777.0
2026-01-02 03:00:00,88351.0,88364.0,88294.5,88295.5,7672.0
2026-01-02 03:15:00,88294.5,88365.0,88271.0,88355.0,10079.0
2026-01-02 03:30:00,88356.0,88582.5,88356.0,88483.0,60224.0
2026-01-02 03:45:00,88483.0,88554.0,88442.0,88500.0,21183.0
2026-01-02 04:00:00,88498.5,88566.5,88390.5,88559.0,21503.0
2026-01-02 04:15:00,88558.0,88674.5,88503.0,88611.0,43626.0
2026-01-02 04:30:00,88630.0,88748.5,88441.5,88545.5,41460.0
2026-01-02 04:45:00,88546.5,88765.0,88546.5,88696.5,36187.0
2026-01-02 05:00:00,88696.5,88853.0,88696.5,88853.0,39078.0
2026-01-02 05:15:00,88854.0,88890.5,88719.0,88808.0,35015.0
2026-01-02 05:30:00,88811.0,88849.5,88563.0,88608.0,39856.0
2026-01-02 05:45:00,88608.0,88689.0,88556.5,88678.5,22116.0
2026-01-02 06:00:00,88673.5,88846.0,88608.5,88659.0,37408.0
2026-01-02 06:15:00,88659.0,88859.0,88659.0,88803.5,30589.0
2026-01-02 06:30:00,88803.5,88846.0,88703.5,88723.0,23595.0
2026-01-02 06:45:00,88723.5,88723.5,88646.0,88650.0,22660.0
2026-01-02 07:00:00,88650.0,88675.5,88488.0,88603.5,54288.0
2026-01-02 07:15:00,88603.5,88632.0,88537.0,88608.0,25520.0
2026-01-02 07:30:00,88616.5,88638.5,88386.0,88458.5,75311.0
2026-01-02 07:45:00,88463.0,88500.0,88335.0,88397.5,52930.0
2026-01-02 08:00:00,88397.5,88497.5,88388.5,88457.0,27587.0
2026-01-02 08:15:00,88456.0,88618.0,88434.5,88608.0,53895.0
2026-01-02 08:30:00,88609.5,88949.0,88533.5,88936.0,122322.0
2026-01-02 08:45:00,88932.0,88957.5,88780.5,88852.0,81834.0
2026-01-02 09:00:00,88851.5,89097.0,88813.5,88938.5,140997.0
2026-01-02 09:15:00,88939.5,89097.0,88829.0,88909.0,97657.0
2026-01-02 09:30:00,88908.0,88959.0,88768.5,88775.5,86271.0
2026-01-02 09:45:00,88776.0,88809.0,88649.5,88703.5,74402.0
2026-01-02 10:00:00,88703.5,88807.0,88676.0,88681.5,35914.0
2026-01-02 10:15:00,88681.5,88742.0,88584.0,88603.5,57990.0
2026-01-02 10:30:00,88603.5,88681.5,88591.5,88639.5,38051.0
2026-01-02 10:45:00,88639.5,88729.0,88548.5,88552.0,59565.0
2026-01-02 11:00:00,88551.0,88665.5,88542.0,88646.0,37016.0
2026-01-02 11:15:00,88654.5,88759.0,88650.5,88730.0,44514.0
2026-01-02 11:30:00,88730.0,88827.0,88692.0,88759.5,62693.0
2026-01-02 11:45:00,88759.5,88897.0,88756.0,88889.5,60743.0
2026-01-02 12:00:00,88889.5,89062.0,88875.0,88940.5,125156.0
2026-01-02 12:15:00,88940.5,89019.0,88891.0,88908.0,62653.0
2026-01-02 12:30:00,88908.5,89033.5,88908.5,89005.0,46797.0
2026-01-02 12:45:00,89004.0,89011.0,88820.0,88866.5,55601.0
2026-01-02 13:00:00,88865.5,88892.5,88810.0,88833.0,49261.0
2026-01-02 13:15:00,88835.0,88874.0,88809.5,88837.5,39863.0
2026-01-02 13:30:00,88837.5,89073.0,88788.5,89049.0,89442.0
2026-01-02 13:45:00,89049.0,89078.5,88948.5,89030.0,84444.0
2026-01-02 14:00:00,89027.0,89146.0,88988.5,89065.5,90939.0
2026-01-02 14:15:00,89066.0,89168.0,89039.0,89147.5,57353.0
2026-01-02 14:30:00,89142.0,89304.5,89085.5,89219.5,162524.0
2026-01-02 14:45:00,89219.5,89249.0,89078.5,89138.5,78645.0
2026-01-02 15:00:00,89131.5,89222.5,89095.5,89222.5,39249.0
2026-01-02 15:15:00,89222.5,89477.0,89186.5,89439.0,202524.0
2026-01-02 15:30:00,89439.0,89807.0,89415.0,89802.5,281588.0
2026-01-02 15:45:00,89808.5,89909.0,89541.5,89567.5,233584.0
2026-01-02 16:00:00,89567.5,89684.0,89566.5,89659.5,94156.0
2026-01-02 16:15:00,89668.0,89722.5,89587.5,89627.0,62395.0
2026-01-02 16:30:00,89628.0,89646.0,89476.5,89494.5,102037.0
2026-01-02 16:45:00,89493.5,89529.0,89316.0,89339.0,123281.0
2026-01-02 17:00:00,89338.0,89512.0,89338.0,89494.5,76048.0
2026-01-02 17:15:00,89495.5,89539.0,89451.5,89466.5,74455.0
2026-01-02 17:30:00,89467.5,89503.0,89346.5,89444.5,69775.0
2026-01-02 17:45:00,89443.5,89559.0,89395.0,89423.5,76617.0
2026-01-02 18:00:00,89424.5,89509.5,89386.5,89482.0,36074.0
2026-01-02 18:15:00,89482.0,89531.5,89368.5,89368.5,51024.0
2026-01-02 18:30:00,89368.5,89487.5,89346.0,89430.0,52619.0
2026-01-02 18:45:00,89435.0,89664.5,89435.0,89514.0,155299.0
2026-01-02 19:00:00,89520.0,89548.5,89363.5,89416.0,89076.0
2026-01-02 19:15:00,89417.0,89497.0,89273.5,89320.0,170151.0
2026-01-02 19:30:00,89320.0,89364.0,89087.0,89115.0,355225.0
2026-01-02 19:45:00,89115.0,89136.5,88688.5,88870.5,559572.0
2026-01-02 20:00:00,88870.0,89474.0,88440.5,89364.5,738947.0
2026-01-02 20:15:00,89365.5,90136.0,89096.5,89545.5,735555.0
2026-01-02 20:30:00,89549.0,89838.5,89051.0,89138.0,468445.0
2026-01-02 20:45:00,89138.0,89343.0,88765.0,89109.0,446430.0
2026-01-02 21:00:00,89109.0,89762.5,89037.0,89724.5,357465.0
2026-01-02 21:15:00,89718.5,89859.0,89261.0,89382.5,330558.0
2026-01-02 21:30:00,89381.5,89752.0,89163.0,89748.0,302813.0
2026-01-02 21:45:00,89748.0,90170.0,89698.0,90013.5,401113.0
2026-01-02 22:00:00,90028.0,90788.0,90020.5,90100.5,747855.0
2026-01-02 22:15:00,90100.0,90414.0,89858.0,90342.5,480341.0
2026-01-02 22:30:00,90343.0,90723.0,90332.0,90588.0,379696.0
2026-01-02 22:45:00,90585.0,90946.0,90485.0,90560.5,404095.0
2026-01-02 23:00:00,90543.0,90647.0,90308.5,90478.5,211087.0
2026-01-02 23:15:00,90477.5,90529.5,90140.0,90329.5,190320.0
2026-01-02 23:30:00,90329.5,90522.5,90186.0,90310.0,187341.0
2026-01-02 23:45:00,90315.0,90520.0,90211.0,90262.5,124496.0
2026-01-03 00:00:00,90261.5,90286.0,89935.5,89976.5,241961.0
2026-01-03 00:15:00,89976.5,90062.0,89519.0,89744.0,333318.0
2026-01-03 00:30:00,89743.5,89976.0,89618.5,89947.5,133798.0
2026-01-03 00:45:00,89948.5,90130.0,89808.5,89923.0,142735.0
2026-01-03 01:00:00,89934.0,90049.5,89849.0,89969.0,66336.0
2026-01-03 01:15:00,89992.5,90090.0,89833.5,89883.5,48817.0
2026-01-03 01:30:00,89873.0,90047.0,89752.0,90041.5,66651.0
2026-01-03 01:45:00,90037.0,90050.0,89843.0,89859.5,41352.0
2026-01-03 02:00:00,89858.5,89926.5,89767.5,89862.5,27130.0
2026-01-03 02:15:00,89876.0,89902.0,89596.5,89757.5,72200.0
2026-01-03 02:30:00,89703.5,89799.5,89696.0,89773.5,20907.0
2026-01-03 02:45:00,89761.5,89999.0,89761.5,89955.0,36875.0
2026-01-03 03:00:00,89955.0,89956.0,89837.0,89910.0,23455.0
2026-01-03 03:15:00,89919.0,90155.0,89873.5,90024.0,33035.0
2026-01-03 03:30:00,90025.0,90313.5,89983.5,90082.0,42308.0
2026-01-03 03:45:00,90081.0,90188.5,90048.5,90086.5,20525.0
2026-01-03 04:00:00,90084.5,90306.5,90018.5,90271.5,34082.0
2026-01-03 04:15:00,90272.5,90376.0,90143.0,90163.5,37863.0
2026-01-03 04:30:00,90153.5,90168.0,90054.0,90054.0,14142.0
2026-01-03 04:45:00,90055.0,90098.5,89886.5,89895.0,23468.0
2026-01-03 05:00:00,89905.5,89956.0,89858.5,89924.0,17825.0
2026-01-03 05:15:00,89924.0,90003.0,89883.0,89960.5,14853.0
2026-01-03 05:30:00,89960.5,90103.5,89957.0,90007.0,22805.0
2026-01-03 05:45:00,90001.5,90063.5,89923.0,90046.0,18680.0
2026-01-03 06:00:00,90038.5,90072.5,89985.5,90035.5,10526.0
2026-01-03 06:15:00,90034.5,90159.5,90021.0,90123.5,21855.0
2026-01-03 06:30:00,90122.5,90207.0,90101.5,90207.0,22862.0
2026-01-03 06:45:00,90206.0,90207.0,90031.5,90042.0,23015.0
2026-01-03 07:00:00,90041.0,90153.5,90041.0,90133.0,17397.0
2026-01-03 07:15:00,90133.0,90264.5,90133.0,90242.5,31219.0
2026-01-03 07:30:00,90242.5,90242.5,90094.0,90126.0,32506.0
2026-01-03 07:45:00,90126.0,90235.0,90109.5,90230.0,26618.0
2026-01-03 08:00:00,90230.0,90303.0,90200.0,90269.5,31109.0
2026-01-03 08:15:00,90268.5,90376.0,90266.5,90300.0,41619.0
2026-01-03 08:30:00,90301.0,90329.5,90166.5,90180.5,42264.0
2026-01-03 08:45:00,90189.5,90259.0,90159.0,90185.0,28254.0
2026-01-03 09:00:00,90185.0,90244.5,90159.0,90244.5,25289.0
2026-01-03 09:15:00,90244.5,90357.0,90225.5,90290.0,51554.0
2026-01-03 09:30:00,90288.5,90459.0,90209.0,90210.0,71580.0
2026-01-03 09:45:00,90209.0,90269.5,90209.0,90210.0,49596.0
2026-01-03 10:00:00,90210.0,90247.0,90001.0,90043.5,102756.0
2026-01-03 10:15:00,90042.5,90147.0,90042.5,90130.5,70441.0
2026-01-03 10:30:00,90143.5,90167.5,90000.5,90014.0,50788.0
2026-01-03 10:45:00,90013.5,90046.5,89971.0,89985.0,69341.0
2026-01-03 11:00:00,89984.0,90026.0,89879.5,89916.5,97506.0
2026-01-03 11:15:00,89916.5,90005.5,89886.5,89999.0,53506.0
2026-01-03 11:30:00,89999.0,90102.0,89985.5,90046.0,62599.0
2026-01-03 11:45:00,90046.0,90071.0,89932.5,89946.0,52546.0
2026-01-03 12:00:00,89946.0,90009.0,89841.5,89848.0,76318.0
2026-01-03 12:15:00,89847.0,89875.5,89811.0,89836.0,80771.0
2026-01-03 12:30:00,89836.0,89922.5,89719.0,89735.5,104381.0
2026-01-03 12:45:00,89736.5,89739.0,89374.5,89385.0,282152.0
2026-01-03 13:00:00,89385.0,89563.5,89269.5,89526.0,148809.0
2026-01-03 13:15:00,89526.0,89559.5,89428.0,89544.0,89106.0
2026-01-03 13:30:00,89545.0,89680.0,89389.5,89493.5,142900.0
2026-01-03 13:45:00,89494.5,89806.0,89476.5,89703.5,132925.0
2026-01-03 14:00:00,89702.5,89796.0,89631.0,89764.5,87829.0
2026-01-03 14:15:00,89764.5,89805.0,89626.0,89633.5,66701.0
2026-01-03 14:30:00,89633.5,89687.5,89608.5,89648.0,45148.0
2026-01-03 14:45:00,89647.0,89823.0,89590.5,89770.5,68961.0
2026-01-03 15:00:00,89770.5,89953.0,89744.0,89901.0,134288.0
2026-01-03 15:15:00,89902.0,89918.0,89745.5,89765.5,65513.0
2026-01-03 15:30:00,89764.5,89771.0,89672.5,89696.0,70945.0
2026-01-03 15:45:00,89696.0,89770.0,89688.5,89756.5,31618.0
2026-01-03 16:00:00,89756.5,89842.0,89712.0,89791.0,52964.0
2026-01-03 16:15:00,89790.0,89798.5,89714.5,89721.0,34906.0
2026-01-03 16:30:00,89724.0,89740.5,89635.5,89658.0,64922.0
2026-01-03 16:45:00,89658.0,89717.0,89647.0,89685.5,31772.0
2026-01-03 17:00:00,89685.5,89745.0,89653.0,89734.5,40523.0
2026-01-03 17:15:00,89734.5,89760.0,89679.0,89714.5,34672.0
2026-01-03 17:30:00,89715.5,89715.5,89627.5,89642.5,41896.0
2026-01-03 17:45:00,89643.5,89764.0,89643.5,89763.5,39501.0
2026-01-03 18:00:00,89763.5,89773.0,89715.0,89763.5,34187.0
2026-01-03 18:15:00,89763.5,90025.0,89756.0,90011.5,202454.0
2026-01-03 18:30:00,90011.5,90011.5,89887.5,89894.5,69695.0
2026-01-03 18:45:00,89895.0,90036.5,89895.0,89937.5,74318.0
2026-01-03 19:00:00,89938.5,90017.0,89910.5,89929.5,54972.0
2026-01-03 19:15:00,89929.5,90029.5,89929.5,89980.5,41502.0
2026-01-03 19:30:00,89981.5,90029.0,89924.0,90029.0,70442.0
2026-01-03 19:45:00,90029.0,90210.5,89993.0,90157.5,197908.0
2026-01-03 20:00:00,90157.5,90209.5,90115.0,90126.0,111856.0
2026-01-03 20:15:00,90126.0,90138.5,90015.5,90101.0,113085.0
2026-01-03 20:30:00,90101.0,90101.0,89971.0,89985.0,87933.0
2026-01-03 20:45:00,89984.0,90059.5,89940.0,90040.0,76123.0
2026-01-03 21:00:00,90039.5,90097.0,89959.0,89969.5,63512.0
2026-01-03 21:15:00,89968.5,89991.0,89929.0,89937.0,52649.0
2026-01-03 21:30:00,89940.0,90009.0,89928.5,89983.5,53721.0
2026-01-03 21:45:00,89983.0,90063.0,89873.0,90030.0,158109.0
2026-01-03 22:00:00,90029.0,90157.5,90029.0,90097.0,122285.0
2026-01-03 22:15:00,90097.0,90198.5,90065.5,90073.5,122393.0
2026-01-03 22:30:00,90073.5,90099.0,89997.0,90036.0,83280.0
2026-01-03 22:45:00,90037.0,90050.5,89990.5,90033.5,56039.0
2026-01-03 23:00:00,90033.5,90094.0,90033.5,90084.5,32072.0
2026-01-03 23:15:00,90085.5,90085.5,90029.0,90064.0,25209.0
2026-01-03 23:30:00,90065.5,90070.0,89999.5,90024.0,27439.0
2026-01-03 23:45:00,90014.5,90166.0,90010.5,90145.0,64435.0
2026-01-04 00:00:00,90144.0,90165.5,90099.5,90113.0,35459.0
2026-01-04 00:15:00,90113.0,90139.0,90083.5,90115.0,19244.0
2026-01-04 00:30:00,90110.5,90110.5,90030.0,90039.5,31209.0
2026-01-04 00:45:00,90040.5,90129.5,90040.5,90128.5,14078.0
2026-01-04 01:00:00,90128.0,90128.0,90090.0,90105.0,9191.0
2026-01-04 01:15:00,90104.0,90105.0,90082.0,90101.5,5351.0
2026-01-04 01:30:00,90101.5,90105.5,89984.5,90039.5,32470.0
2026-01-04 01:45:00,90038.5,90099.0,90038.5,90098.0,15787.0
2026-01-04 02:00:00,90099.0,90300.5,90098.0,90239.5,91990.0
2026-01-04 02:15:00,90239.5,90349.5,90238.5,90342.0,48994.0
2026-01-04 02:30:00,90340.0,90394.0,90314.5,90346.5,42954.0
2026-01-04 02:45:00,90346.5,90459.5,90346.5,90446.0,73732.0
2026-01-04 03:00:00,90445.0,90726.0,90437.0,90576.0,133267.0
2026-01-04 03:15:00,90576.0,90577.0,90445.0,90539.0,39360.0
2026-01-04 03:30:00,90540.0,90540.0,90465.0,90493.5,14627.0
2026-01-04 03:45:00,90496.5,90721.5,90496.5,90590.5,30477.0
2026-01-04 04:00:00,90594.5,90693.0,90542.5,90581.0,34239.0
2026-01-04 04:15:00,90582.0,90593.0,90464.5,90567.0,23402.0
2026-01-04 04:30:00,90589.5,90641.0,90435.5,90515.0,21930.0
2026-01-04 04:45:00,90515.0,90659.5,90515.0,90600.0,23560.0
2026-01-04 05:00:00,90608.5,90674.5,90582.5,90628.5,17411.0
2026-01-04 05:15:00,90628.0,90628.0,90579.0,90604.5,10751.0
2026-01-04 05:30:00,90604.5,91606.5,90604.5,91381.5,271437.0
2026-01-04 05:45:00,91382.5,91436.5,91061.5,91068.5,69104.0
2026-01-04 06:00:00,91069.0,91239.5,91027.0,91140.5,59321.0
2026-01-04 06:15:00,91136.5,91450.0,91083.5,91311.0,78651.0
2026-01-04 06:30:00,91335.0,91461.5,91244.0,91258.5,68544.0
2026-01-04 06:45:00,91258.5,91284.0,91069.5,91098.5,63812.0
2026-01-04 07:00:00,91098.5,91150.5,90978.0,91064.0,74362.0
2026-01-04 07:15:00,91065.0,91237.5,90975.5,91199.0,68005.0
2026-01-04 07:30:00,91200.0,91275.0,91071.0,91095.0,53159.0
2026-01-04 07:45:00,91094.0,91199.5,91094.0,91182.0,40227.0
2026-01-04 08:00:00,91182.0,91245.0,91109.0,91137.5,53048.0
2026-01-04 08:15:00,91137.5,91148.5,91042.5,91108.0,33581.0
2026-01-04 08:30:00,91109.0,91331.5,91101.5,91309.0,79250.0
2026-01-04 08:45:00,91309.0,91309.0,91111.5,91138.0,64391.0
2026-01-04 09:00:00,91139.0,91242.0,91043.5,91215.0,62453.0
2026-01-04 09:15:00,91215.0,91310.5,91201.5,91201.5,44093.0
2026-01-04 09:30:00,91200.0,91291.5,91150.5,91283.5,51679.0
2026-01-04 09:45:00,91283.5,91473.0,91279.5,91340.0,120796.0
2026-01-04 10:00:00,91335.5,91565.5,91331.0,91480.0,117045.0
2026-01-04 10:15:00,91480.0,91496.5,91346.0,91363.5,72727.0
2026-01-04 10:30:00,91364.5,91381.5,91310.0,91350.5,43283.0
2026-01-04 10:45:00,91350.5,91447.5,91334.5,91422.0,51051.0
2026-01-04 11:00:00,91421.5,91448.0,91316.0,91357.0,55268.0
2026-01-04 11:15:00,91353.0,91459.5,91353.0,91447.0,39825.0
2026-01-04 11:30:00,91447.0,91764.5,91413.0,91632.0,225272.0
2026-01-04 11:45:00,91632.0,91774.0,91509.0,91509.0,140674.0
2026-01-04 12:00:00,91509.0,91579.5,91226.5,91268.5,203256.0
2026-01-04 12:15:00,91267.0,91342.5,91186.5,91197.0,122161.0
2026-01-04 12:30:00,91196.0,91355.0,91178.0,91291.0,96092.0
2026-01-04 12:45:00,91291.5,91309.5,91198.5,91273.5,60427.0
2026-01-04 13:00:00,91273.5,91471.5,91273.0,91466.5,101445.0
2026-01-04 13:15:00,91466.5,91508.5,91408.0,91487.0,92293.0
2026-01-04 13:30:00,91487.0,91508.0,91230.5,91288.5,104205.0
2026-01-04 13:45:00,91288.5,91355.0,91125.0,91207.0,113829.0
2026-01-04 14:00:00,91206.0,91383.0,91202.0,91376.5,69277.0
2026-01-04 14:15:00,91376.5,91407.5,91270.0,91335.5,60394.0
2026-01-04 14:30:00,91333.5,91396.0,91213.5,91306.0,48388.0
2026-01-04 14:45:00,91309.5,91410.5,91252.0,91284.0,61383.0
2026-01-04 15:00:00,91284.0,91403.0,91284.0,91403.0,27717.0
2026-01-04 15:15:00,91405.0,91446.5,91340.5,91423.5,57114.0
2026-01-04 15:30:00,91422.5,91571.5,91403.5,91506.5,113220.0
2026-01-04 15:45:00,91505.5,91538.5,91377.5,91450.0,61520.0
2026-01-04 16:00:00,91441.0,91558.5,91429.0,91550.5,37698.0
2026-01-04 16:15:00,91559.5,91591.5,91524.0,91562.0,59705.0
2026-01-04 16:30:00,91562.5,91562.5,91310.0,91321.0,97967.0
2026-01-04 16:45:00,91323.5,91375.0,91300.0,91340.0,52036.0
2026-01-04 17:00:00,91340.0,91422.5,91309.0,91341.0,47283.0
2026-01-04 17:15:00,91342.0,91344.0,91194.5,91272.5,97855.0
2026-01-04 17:30:00,91272.5,91305.0,91165.0,91224.0,71066.0
2026-01-04 17:45:00,91224.0,91309.5,91197.5,91304.0,57694.0
2026-01-04 18:00:00,91304.0,91331.5,91067.0,91070.5,151526.0
2026-01-04 18:15:00,91068.5,91151.0,91044.0,91105.0,85826.0
2026-01-04 18:30:00,91106.0,91191.0,91068.0,91158.0,86505.0
2026-01-04 18:45:00,91157.0,91181.0,90986.0,91163.0,164610.0
2026-01-04 19:00:00,91164.0,91241.0,91134.0,91190.5,71579.0
2026-01-04 19:15:00,91190.0,91246.5,91189.5,91237.0,48191.0
2026-01-04 19:30:00,91237.0,91387.0,91217.5,91360.0,149782.0
2026-01-04 19:45:00,91360.0,91375.0,91172.0,91206.0,99339.0
2026-01-04 20:00:00,91206.0,91219.5,91113.5,91180.0,98838.0
2026-01-04 20:15:00,91177.0,91328.0,91110.0,91314.5,114400.0
2026-01-04 20:30:00,91314.5,91359.5,91249.0,91280.0,67350.0
2026-01-04 20:45:00,91280.0,91281.0,91182.5,91211.0,56841.0
2026-01-04 21:00:00,91215.0,91273.5,91139.0,91187.5,48913.0
2026-01-04 21:15:00,91187.5,91309.5,91059.0,91302.5,113906.0
2026-01-04 21:30:00,91301.5,91438.0,91220.0,91248.0,180158.0
2026-01-04 21:45:00,91255.5,91339.5,91218.0,91315.0,59283.0
2026-01-04 22:00:00,91316.0,91418.5,91264.0,91270.5,61555.0
2026-01-04 22:15:00,91270.0,91311.0,91262.0,91292.0,36912.0
2026-01-04 22:30:00,91292.0,91408.5,91271.5,91310.5,53823.0
2026-01-04 22:45:00,91310.5,91408.0,91284.5,91334.0,52791.0
2026-01-04 23:00:00,91334.0,91413.5,91333.0,91359.5,35542.0
2026-01-04 23:15:00,91360.0,91382.5,91301.5,91302.0,41755.0
2026-01-04 23:30:00,91302.0,91303.0,91201.5,91209.5,78673.0
2026-01-04 23:45:00,91208.5,91229.0,91101.0,91144.5,81884.0
2026-01-05 00:00:00,91144.5,91211.0,90950.0,91199.0,230869.0
2026-01-05 00:15:00,91199.0,91206.5,91119.5,91177.0,46072.0
2026-01-05 00:30:00,91177.0,91181.5,90813.5,90981.5,206739.0
2026-01-05 00:45:00,90980.0,91189.5,90964.0,91093.0,74084.0
2026-01-05 01:00:00,91092.0,91159.5,91014.5,91034.0,38486.0
2026-01-05 01:15:00,91037.5,91150.5,91037.5,91112.5,20998.0
2026-01-05 01:30:00,91120.0,91259.5,91094.0,91230.0,51788.0
2026-01-05 01:45:00,91230.0,91319.0,91200.0,91305.0,34096.0
2026-01-05 02:00:00,91305.0,91311.0,91226.5,91257.0,22084.0
2026-01-05 02:15:00,91257.0,91317.5,91224.0,91285.5,16272.0
2026-01-05 02:30:00,91284.5,91395.5,91231.0,91322.5,43157.0
2026-01-05 02:45:00,91322.0,91327.0,91271.5,91279.0,11623.0
2026-01-05 03:00:00,91280.0,91322.0,91180.0,91184.0,22681.0
2026-01-05 03:15:00,91184.0,91274.5,91151.0,91257.0,15550.0
2026-01-05 03:30:00,91228.5,91382.5,91121.5,91163.5,25196.0
2026-01-05 03:45:00,91163.5,91269.5,91115.5,91269.5,11771.0
2026-01-05 04:00:00,91264.5,91275.5,91151.0,91174.5,5581.0
2026-01-05 04:15:00,91174.5,91240.0,91152.5,91190.5,4816.0
2026-01-05 04:30:00,91193.0,91500.0,91193.0,91311.5,69502.0
2026-01-05 04:45:00,91320.5,91506.0,91257.0,91344.0,26374.0
2026-01-05 05:00:00,91359.5,91419.5,91270.0,91297.0,14995.0
2026-01-05 05:15:00,91280.0,91576.5,91239.0,91506.0,42390.0
2026-01-05 05:30:00,91506.0,92081.5,91489.0,91876.0,234417.0
2026-01-05 05:45:00,91880.5,91979.5,91675.0,91832.0,54720.0
2026-01-05 06:00:00,91826.5,92046.0,91690.5,92023.0,80181.0
2026-01-05 06:15:00,92025.0,92406.5,91947.5,92377.0,187745.0
2026-01-05 06:30:00,92378.0,92945.5,92245.5,92917.5,245665.0
2026-01-05 06:45:00,92916.5,92945.5,92675.0,92938.5,120078.0
2026-01-05 07:00:00,92938.5,93373.5,92775.0,93163.5,244637.0
2026-01-05 07:15:00,93163.5,93226.0,92888.0,92926.5,112340.0
2026-01-05 07:30:00,92930.0,93125.0,92749.0,92831.5,117529.0
2026-01-05 07:45:00,92830.5,92973.5,92692.5,92708.5,81647.0
2026-01-05 08:00:00,92708.5,92955.0,92708.5,92884.5,71498.0
2026-01-05 08:15:00,92890.0,93051.0,92884.5,93000.0,68876.0
2026-01-05 08:30:00,93000.0,93177.5,92919.0,92982.5,98088.0
2026-01-05 08:45:00,92983.5,93009.0,92898.0,92974.0,56091.0
2026-01-05 09:00:00,92974.0,93108.5,92910.5,92910.5,57985.0
2026-01-05 09:15:00,92910.5,92945.5,92834.5,92844.0,49879.0
2026-01-05 09:30:00,92844.0,92929.5,92725.5,92725.5,55718.0
2026-01-05 09:45:00,92725.5,92804.5,92384.5,92444.0,211414.0
2026-01-05 10:00:00,92443.0,92534.5,92294.5,92370.5,115559.0
2026-01-05 10:15:00,92371.5,92607.5,92371.5,92565.5,76969.0
2026-01-05 10:30:00,92573.0,92681.5,92530.0,92610.0,60457.0
2026-01-05 10:45:00,92610.0,92695.0,92562.0,92676.5,48675.0
2026-01-05 11:00:00,92676.5,92677.5,92509.0,92529.0,46387.0
2026-01-05 11:15:00,92529.0,92546.5,92316.0,92333.0,101488.0
2026-01-05 11:30:00,92333.0,92459.5,92323.0,92405.0,55514.0
2026-01-05 11:45:00,92405.0,92437.0,92225.0,92248.5,88574.0
2026-01-05 12:00:00,92249.5,92400.0,92111.0,92389.0,131679.0
2026-01-05 12:15:00,92390.0,92481.5,92337.0,92463.0,64559.0
2026-01-05 12:30:00,92464.0,92597.5,92459.0,92594.0,83121.0
2026-01-05 12:45:00,92593.0,92619.5,92519.0,92537.0,58718.0
2026-01-05 13:00:00,92538.0,92581.5,92511.0,92520.0,31744.0
2026-01-05 13:15:00,92511.5,92522.5,92498.5,92501.0,21945.0
2026-01-05 13:30:00,92501.5,92645.5,92498.5,92622.5,65779.0
2026-01-05 13:45:00,92622.5,92754.5,92589.5,92674.0,103695.0
2026-01-05 14:00:00,92673.0,92693.5,92448.5,92453.5,98654.0
2026-01-05 14:15:00,92452.5,92561.5,92424.0,92445.0,73111.0
2026-01-05 14:30:00,92441.5,92520.0,92301.0,92415.0,99842.0
2026-01-05 14:45:00,92414.0,92645.5,92402.5,92616.5,64394.0
2026-01-05 15:00:00,92618.0,92628.5,92516.0,92628.5,34969.0
2026-01-05 15:15:00,92628.5,92836.0,92627.5,92663.0,125459.0
2026-01-05 15:30:00,92663.0,92934.5,92642.0,92880.5,145795.0
2026-01-05 15:45:00,92880.5,92916.5,92816.5,92859.5,81644.0
2026-01-05 16:00:00,92857.5,93005.0,92734.0,92829.0,143000.0
2026-01-05 16:15:00,92830.0,93130.5,92829.0,93057.0,133844.0
2026-01-05 16:30:00,93058.0,93058.0,92867.5,92869.0,83621.0
2026-01-05 16:45:00,92868.0,93142.0,92859.0,92944.5,100719.0
2026-01-05 17:00:00,92945.5,93029.5,92872.5,92989.5,65305.0
2026-01-05 17:15:00,92989.5,93120.0,92967.5,93102.0,61733.0
2026-01-05 17:30:00,93102.0,93159.5,93024.5,93126.0,101620.0
2026-01-05 17:45:00,93126.0,93195.5,92886.0,92891.5,131860.0
2026-01-05 18:00:00,92890.5,92942.0,92765.0,92783.0,132050.0
2026-01-05 18:15:00,92782.0,92875.5,92720.5,92847.0,90662.0
2026-01-05 18:30:00,92847.0,92990.0,92778.0,92901.0,98500.0
2026-01-05 18:45:00,92901.0,92902.0,92675.5,92764.5,138650.0
2026-01-05 19:00:00,92765.5,92765.5,92504.0,92570.5,209524.0
2026-01-05 19:15:00,92569.5,92730.0,92551.0,92718.0,94910.0
2026-01-05 19:30:00,92717.0,92854.0,92679.0,92716.5,205167.0
2026-01-05 19:45:00,92717.5,92809.5,92667.0,92744.0,71729.0
2026-01-05 20:00:00,92750.0,93317.5,92380.0,93267.0,725630.0
2026-01-05 20:15:00,93259.0,93635.0,92892.0,93397.0,729501.0
2026-01-05 20:30:00,93400.0,93509.5,93123.0,93399.5,339878.0
2026-01-05 20:45:00,93399.5,93759.5,93177.5,93344.0,428672.0
2026-01-05 21:00:00,93343.0,93941.5,93269.5,93814.0,466638.0
2026-01-05 21:15:00,93814.0,93989.0,93678.0,93908.5,265872.0
2026-01-05 21:30:00,93909.5,94020.5,93721.5,93875.5,224370.0
2026-01-05 21:45:00,93875.5,94041.0,93628.5,93788.0,282970.0
2026-01-05 22:00:00,93795.5,93879.0,93675.5,93680.0,125736.0
2026-01-05 22:15:00,93679.0,93766.5,93537.0,93655.5,240476.0
2026-01-05 22:30:00,93675.5,93740.0,93576.0,93638.5,108272.0
2026-01-05 22:45:00,93638.5,93669.5,93210.0,93404.5,368939.0
2026-01-05 23:00:00,93403.5,93848.5,93403.5,93753.0,269340.0
2026-01-05 23:15:00,93756.5,94440.0,93756.5,94282.0,401741.0
2026-01-05 23:30:00,94283.0,94383.0,94037.5,94172.5,219534.0
2026-01-05 23:45:00,94178.0,94192.5,93914.5,93991.5,165765.0
2026-01-06 00:00:00,93991.5,94084.5,93874.0,93967.5,94245.0
2026-01-06 00:15:00,93967.5,94480.0,93945.0,94409.0,236745.0
2026-01-06 00:30:00,94409.0,94416.0,94176.5,94280.0,107555.0
2026-01-06 00:45:00,94280.0,94417.5,94193.5,94370.5,71937.0
2026-01-06 01:00:00,94370.5,94459.5,94126.0,94222.0,112691.0
2026-01-06 01:15:00,94223.0,94306.0,94087.5,94257.5,56737.0
2026-01-06 01:30:00,94258.5,94498.0,94152.0,94372.5,116983.0
2026-01-06 01:45:00,94371.5,94770.0,94252.0,94694.0,164999.0
2026-01-06 02:00:00,94695.5,94695.5,94109.0,94139.5,133105.0
2026-01-06 02:15:00,94136.5,94223.5,93989.0,94139.5,77236.0
2026-01-06 02:30:00,94139.5,94179.0,93929.0,93954.5,61284.0
2026-01-06 02:45:00,93953.5,94104.0,93792.0,93800.5,78377.0
2026-01-06 03:00:00,93800.5,94104.0,93764.5,94048.5,45724.0
2026-01-06 03:15:00,94049.5,94203.0,94037.0,94058.0,26619.0
2026-01-06 03:30:00,94058.0,94196.0,93963.5,94150.0,21407.0
2026-01-06 03:45:00,94161.5,94370.5,94161.5,94211.5,40382.0
2026-01-06 04:00:00,94226.5,94323.0,94162.5,94230.0,17769.0
2026-01-06 04:15:00,94233.5,94306.5,94014.5,94134.0,18306.0
2026-01-06 04:30:00,94147.0,94147.0,93971.0,94009.5,19145.0
2026-01-06 04:45:00,94009.5,94101.0,93909.0,93960.0,13896.0
2026-01-06 05:00:00,93959.0,94017.0,93826.0,93883.5,26372.0
2026-01-06 05:15:00,93873.5,93953.5,93824.0,93832.0,15092.0
2026-01-06 05:30:00,93831.0,93960.0,93683.0,93689.0,73143.0
2026-01-06 05:45:00,93690.0,93787.5,93633.5,93772.5,43389.0
2026-01-06 06:00:00,93769.0,93769.0,93519.0,93617.5,63454.0
2026-01-06 06:15:00,93613.5,93800.5,93545.0,93783.0,41469.0
2026-01-06 06:30:00,93777.0,93945.5,93762.5,93875.5,59915.0
2026-01-06 06:45:00,93874.5,94135.0,93845.0,94080.5,68316.0
2026-01-06 07:00:00,94080.5,94085.5,93779.5,93796.0,41878.0
2026-01-06 07:15:00,93800.0,93934.5,93697.0,93746.0,56829.0
2026-01-06 07:30:00,93745.0,93839.5,93653.5,93717.5,49184.0
2026-01-06 07:45:00,93718.5,93744.0,93632.0,93659.0,28633.0
2026-01-06 08:00:00,93659.0,93679.0,93481.0,93588.5,70546.0
2026-01-06 08:15:00,93588.5,93634.5,93509.0,93597.0,45265.0
2026-01-06 08:30:00,93596.0,93737.0,93572.0,93737.0,51108.0
2026-01-06 08:45:00,93737.0,93803.5,93708.5,93762.5,48469.0
2026-01-06 09:00:00,93762.5,93910.5,93739.0,93740.0,61874.0
2026-01-06 09:15:00,93740.0,93802.5,93705.0,93734.5,32673.0
2026-01-06 09:30:00,93735.0,93959.5,93699.0,93924.5,84311.0
2026-01-06 09:45:00,93925.5,93976.0,93809.0,93838.0,40151.0
2026-01-06 10:00:00,93838.0,93913.5,93776.0,93793.0,29368.0
2026-01-06 10:15:00,93794.0,93825.0,93767.5,93767.5,18882.0
2026-01-06 10:30:00,93767.0,93793.0,93623.5,93705.5,61313.0
2026-01-06 10:45:00,93705.0,93770.5,93637.5,93663.0,37967.0
2026-01-06 11:00:00,93664.0,93746.0,93561.0,93584.0,46187.0
2026-01-06 11:15:00,93580.0,93631.5,93529.5,93561.0,43758.0
2026-01-06 11:30:00,93562.0,93773.5,93509.0,93723.0,71275.0
2026-01-06 11:45:00,93723.0,93730.5,93615.0,93727.5,34361.0
2026-01-06 12:00:00,93727.5,93908.5,93727.5,93877.5,90478.0
2026-01-06 12:15:00,93876.5,93916.5,93736.5,93737.5,55327.0
2026-01-06 12:30:00,93738.5,93750.0,93509.0,93520.5,89339.0
2026-01-06 12:45:00,93520.5,93570.0,93285.0,93368.0,184204.0
2026-01-06 13:00:00,93369.5,93389.5,93175.0,93247.5,135317.0
2026-01-06 13:15:00,93243.5,93311.0,93098.5,93216.5,135430.0
2026-01-06 13:30:00,93217.0,93388.0,93177.0,93347.5,82375.0
2026-01-06 13:45:00,93347.5,93368.5,93210.0,93302.5,54584.0
2026-01-06 14:00:00,93314.5,93314.5,93193.5,93220.5,32167.0
2026-01-06 14:15:00,93219.5,93301.5,93139.0,93205.5,53303.0
2026-01-06 14:30:00,93206.5,93499.5,93195.5,93331.5,104936.0
2026-01-06 14:45:00,93331.5,93540.0,93331.5,93440.0,81147.0
2026-01-06 15:00:00,93441.0,93455.5,93347.0,93425.5,53663.0
2026-01-06 15:15:00,93426.5,93530.0,93393.0,93430.0,34093.0
2026-01-06 15:30:00,93430.0,93624.5,93368.5,93560.5,76385.0
2026-01-06 15:45:00,93560.5,93629.5,93477.5,93560.0,84602.0
2026-01-06 16:00:00,93561.0,93595.0,93522.5,93556.5,38130.0
2026-01-06 16:15:00,93556.5,93607.5,93470.5,93545.0,58896.0
2026-01-06 16:30:00,93547.0,93775.5,93539.5,93752.5,151050.0
2026-01-06 16:45:00,93752.5,93807.5,93657.0,93804.0,93183.0
2026-01-06 17:00:00,93804.0,93805.0,93733.0,93764.5,49883.0
2026-01-06 17:15:00,93763.5,93875.0,93751.5,93809.5,91786.0
2026-01-06 17:30:00,93809.0,93959.5,93767.5,93866.5,106518.0
2026-01-06 17:45:00,93861.0,93943.0,93822.5,93841.5,55549.0
2026-01-06 18:00:00,93835.0,93843.0,93745.0,93795.5,74850.0
2026-01-06 18:15:00,93798.0,93881.5,93782.0,93828.0,52152.0
2026-01-06 18:30:00,93828.0,93836.5,93713.0,93789.5,67493.0
2026-01-06 18:45:00,93770.0,93826.0,93689.0,93697.5,69667.0
2026-01-06 19:00:00,93696.5,93734.5,93628.0,93666.5,98243.0
2026-01-06 19:15:00,93667.5,93715.5,93600.0,93688.0,82606.0
2026-01-06 19:30:00,93687.0,94159.5,93687.0,94072.5,325933.0
2026-01-06 19:45:00,94073.5,94425.0,94001.0,94296.5,381263.0
2026-01-06 20:00:00,94296.5,94323.0,93969.0,94064.0,398744.0
2026-01-06 20:15:00,94071.5,94124.5,93481.0,93805.0,729079.0
2026-01-06 20:30:00,93805.0,93933.0,93654.5,93721.5,265443.0
2026-01-06 20:45:00,93760.0,94283.5,93760.0,94094.0,331966.0
2026-01-06 21:00:00,94095.0,94142.5,93309.5,93446.5,396546.0
2026-01-06 21:15:00,93442.5,93621.5,93301.0,93617.0,219314.0
2026-01-06 21:30:00,93618.0,93737.0,93330.0,93450.0,231478.0
2026-01-06 21:45:00,93451.5,93466.5,92784.5,92814.5,478379.0
2026-01-06 22:00:00,92815.5,92978.5,92355.0,92525.0,504857.0
2026-01-06 22:15:00,92527.5,92689.5,92302.5,92661.0,307283.0
2026-01-06 22:30:00,92660.0,92741.0,92508.5,92581.5,163202.0
2026-01-06 22:45:00,92582.5,92676.5,92353.0,92487.5,215530.0
2026-01-06 23:00:00,92487.5,92627.5,92004.0,92208.0,320118.0
2026-01-06 23:15:00,92209.0,92209.0,91496.0,91557.0,516995.0
2026-01-06 23:30:00,91556.5,91941.0,91218.0,91794.0,401789.0
2026-01-06 23:45:00,91790.0,92099.5,91766.0,91968.0,162783.0
2026-01-07 00:00:00,91968.0,92051.5,91792.5,91913.5,132255.0
2026-01-07 00:15:00,91913.5,92209.0,91908.5,92016.0,142914.0
2026-01-07 00:30:00,92025.0,92231.5,91871.5,92198.0,103969.0
2026-01-07 00:45:00,92198.0,92316.0,92096.5,92224.0,78459.0
2026-01-07 01:00:00,92222.0,92284.0,92031.0,92091.0,66739.0
2026-01-07 01:15:00,92092.0,92169.5,92011.0,92083.0,41623.0
2026-01-07 01:30:00,92071.0,92478.0,92071.0,92404.0,119618.0
2026-01-07 01:45:00,92405.0,92558.0,92364.5,92474.5,81735.0
2026-01-07 02:00:00,92475.5,92679.0,92460.5,92611.0,64622.0
2026-01-07 02:15:00,92617.5,92639.5,92460.0,92492.0,34388.0
2026-01-07 02:30:00,92467.5,92891.0,92347.0,92869.0,98136.0
2026-01-07 02:45:00,92851.0,93836.0,92847.0,93498.5,229926.0
2026-01-07 03:00:00,93497.5,93746.5,93441.0,93592.0,52635.0
2026-01-07 03:15:00,93595.5,93629.5,93109.5,93216.5,71815.0
2026-01-07 03:30:00,93217.5,93500.0,93056.0,93066.0,41572.0
2026-01-07 03:45:00,93073.0,93194.5,92931.0,93144.5,45153.0
2026-01-07 04:00:00,93144.5,93150.5,92929.0,93005.5,24527.0
2026-01-07 04:15:00,92989.5,93333.0,92989.5,93329.5,34682.0
2026-01-07 04:30:00,93323.5,93518.0,93291.5,93449.0,43034.0
2026-01-07 04:45:00,93449.5,93545.0,93362.0,93502.5,28327.0
2026-01-07 05:00:00,93505.5,93629.5,93499.0,93509.0,33117.0
2026-01-07 05:15:00,93509.0,93752.5,93504.0,93717.0,22039.0
2026-01-07 05:30:00,93717.0,93718.0,93510.0,93539.0,24474.0
2026-01-07 05:45:00,93535.5,93539.5,93310.0,93334.0,44431.0
2026-01-07 06:00:00,93331.5,93357.5,93059.0,93167.5,48184.0
2026-01-07 06:15:00,93154.0,93169.0,92616.5,92680.0,96812.0
2026-01-07 06:30:00,92679.0,92864.5,92671.0,92779.0,46842.0
2026-01-07 06:45:00,92779.0,92779.0,92303.0,92517.0,107942.0
2026-01-07 07:00:00,92527.5,92606.0,92404.0,92411.0,47046.0
2026-01-07 07:15:00,92411.0,92494.5,92340.5,92420.0,52697.0
2026-01-07 07:30:00,92415.5,92664.5,92214.5,92635.5,83231.0
2026-01-07 07:45:00,92635.5,92738.5,92476.5,92659.0,53143.0
2026-01-07 08:00:00,92656.5,92926.5,92622.0,92900.0,60645.0
2026-01-07 08:15:00,92900.5,93032.0,92859.0,92932.0,61269.0
2026-01-07 08:30:00,92933.0,92999.5,92878.5,92940.0,46567.0
2026-01-07 08:45:00,92940.0,93089.5,92909.0,92974.5,61939.0
2026-01-07 09:00:00,92973.5,92998.5,92716.5,92835.5,84230.0
2026-01-07 09:15:00,92840.0,92856.0,92738.5,92787.0,28556.0
2026-01-07 09:30:00,92790.5,92902.5,92718.5,92773.5,57584.0
2026-01-07 09:45:00,92756.5,92782.5,92652.0,92756.0,52783.0
2026-01-07 10:00:00,92751.5,92794.5,92577.0,92746.0,67957.0
2026-01-07 10:15:00,92746.0,92746.0,92630.0,92646.0,28579.0
2026-01-07 10:30:00,92646.0,92723.0,92606.0,92719.0,31202.0
2026-01-07 10:45:00,92720.0,92780.5,92668.0,92698.5,40695.0
2026-01-07 11:00:00,92700.0,92827.5,92700.0,92725.0,39207.0
2026-01-07 11:15:00,92725.0,92725.0,92478.5,92513.0,112050.0
2026-01-07 11:30:00,92514.0,92650.5,92492.0,92644.5,37565.0
2026-01-07 11:45:00,92649.5,92819.5,92642.5,92808.0,59974.0
2026-01-07 12:00:00,92808.0,92879.0,92647.0,92647.0,68475.0
2026-01-07 12:15:00,92655.0,92712.5,92576.0,92585.0,33015.0
2026-01-07 12:30:00,92585.0,92751.5,92585.0,92734.0,29524.0
2026-01-07 12:45:00,92733.0,92819.0,92733.0,92784.0,30671.0
2026-01-07 13:00:00,92785.0,92870.0,92744.5,92800.0,42535.0
2026-01-07 13:15:00,92798.0,92858.0,92780.0,92857.0,17137.0
2026-01-07 13:30:00,92858.0,92925.0,92814.5,92902.0,57482.0
2026-01-07 13:45:00,92902.0,92937.5,92745.0,92833.0,67686.0
2026-01-07 14:00:00,92838.0,92916.5,92744.5,92744.5,41417.0
2026-01-07 14:15:00,92744.5,92777.0,92665.5,92689.0,54269.0
2026-01-07 14:30:00,92690.0,92690.0,92246.0,92246.0,193552.0
2026-01-07 14:45:00,92246.0,92327.5,91859.0,91930.5,282582.0
2026-01-07 15:00:00,91931.5,91982.0,91628.0,91709.5,182084.0
2026-01-07 15:15:00,91709.5,91738.5,91560.0,91681.5,127540.0
2026-01-07 15:30:00,91679.5,91848.0,91558.5,91799.5,137531.0
2026-01-07 15:45:00,91799.5,91828.5,91719.5,91761.5,54150.0
2026-01-07 16:00:00,91760.5,91956.5,91752.0,91846.5,86827.0
2026-01-07 16:15:00,91846.5,91962.0,91809.0,91934.0,41467.0
2026-01-07 16:30:00,91934.0,92111.0,91883.0,92081.5,103054.0
2026-01-07 16:45:00,92081.5,92204.5,92028.5,92138.5,83608.0
2026-01-07 17:00:00,92139.0,92229.5,92092.5,92160.0,55435.0
2026-01-07 17:15:00,92160.5,92167.5,92045.5,92045.5,77727.0
2026-01-07 17:30:00,92050.5,92150.0,91979.5,92009.0,108569.0
2026-01-07 17:45:00,92009.0,92144.5,91965.5,92020.0,49169.0
2026-01-07 18:00:00,92021.0,92093.0,91939.0,91979.5,61583.0
2026-01-07 18:15:00,91987.5,92029.5,91953.0,91962.5,38657.0
2026-01-07 18:30:00,91962.0,92028.5,91823.0,91864.0,98029.0
2026-01-07 18:45:00,91860.0,92255.0,91841.5,92193.5,177602.0
2026-01-07 19:00:00,92193.0,92222.5,92026.0,92113.0,105682.0
2026-01-07 19:15:00,92114.0,92149.5,91975.5,92003.0,80341.0
2026-01-07 19:30:00,92004.0,92017.5,91561.0,91671.0,353785.0
2026-01-07 19:45:00,91669.5,91727.5,91471.5,91526.0,235762.0
2026-01-07 20:00:00,91526.0,92054.5,91332.5,91805.0,463584.0
2026-01-07 20:15:00,91804.0,92118.0,91745.0,91930.5,173596.0
2026-01-07 20:30:00,91930.5,91967.0,91387.0,91628.0,361910.0
2026-01-07 20:45:00,91630.5,91645.0,90995.5,91247.0,576950.0
2026-01-07 21:00:00,91246.5,91469.5,91083.0,91335.5,225478.0
2026-01-07 21:15:00,91340.5,91560.5,91247.5,91313.0,182534.0
2026-01-07 21:30:00,91313.0,91625.5,91249.5,91568.5,205761.0
2026-01-07 21:45:00,91569.5,91759.5,91459.0,91562.5,262551.0
2026-01-07 22:00:00,91566.0,91601.0,91109.5,91433.0,324404.0
2026-01-07 22:15:00,91432.0,91526.5,91197.0,91239.5,161715.0
2026-01-07 22:30:00,91238.5,91293.0,91005.0,91239.5,193230.0
2026-01-07 22:45:00,91238.5,91637.5,91222.5,91574.0,192323.0
2026-01-07 23:00:00,91573.0,91669.5,91447.5,91568.5,135761.0
2026-01-07 23:15:00,91568.5,91609.5,91169.0,91223.5,218220.0
2026-01-07 23:30:00,91224.5,91312.0,91132.0,91235.0,119820.0
2026-01-07 23:45:00,91236.0,91307.5,91031.5,91259.0,129821.0
2026-01-08 00:00:00,91260.0,91421.0,91125.5,91125.5,141059.0
2026-01-08 00:15:00,91126.5,91213.5,90709.5,90866.0,390004.0
2026-01-08 00:30:00,90867.0,91080.0,90713.0,90766.0,172929.0
2026-01-08 00:45:00,90765.0,90890.0,90645.0,90882.5,126168.0
2026-01-08 01:00:00,90882.5,91151.0,90873.5,91067.0,123823.0
2026-01-08 01:15:00,91066.0,91259.5,91055.0,91156.5,72847.0
2026-01-08 01:30:00,91152.5,91275.5,90942.5,90972.0,97459.0
2026-01-08 01:45:00,90972.0,91023.0,90750.0,90880.0,87873.0
2026-01-08 02:00:00,90900.0,91132.5,90881.0,91000.0,48323.0
2026-01-08 02:15:00,91005.5,91121.5,90959.0,91045.5,29129.0
2026-01-08 02:30:00,91023.0,91209.5,91015.5,91149.5,24685.0
2026-01-08 02:45:00,91150.5,91206.0,91104.0,91157.5,14163.0
2026-01-08 03:00:00,91167.0,91215.5,91019.0,91092.0,22536.0
2026-01-08 03:15:00,91093.0,91136.0,91047.5,91080.5,12096.0
2026-01-08 03:30:00,91032.5,91063.0,90851.0,90955.5,47108.0
2026-01-08 03:45:00,90955.5,91056.5,90947.0,91043.5,10325.0
2026-01-08 04:00:00,91050.0,91369.0,91019.5,91024.0,36783.0
2026-01-08 04:15:00,91024.0,91241.5,90940.5,91154.0,23093.0
2026-01-08 04:30:00,91144.5,91200.0,90975.0,91200.0,16618.0
2026-01-08 04:45:00,91219.5,91461.5,91197.5,91290.0,58951.0
2026-01-08 05:00:00,91289.0,91412.0,91135.5,91199.5,18862.0
2026-01-08 05:15:00,91198.5,91390.0,91159.5,91338.0,16802.0
2026-01-08 05:30:00,91340.0,91499.5,91164.5,91202.5,37287.0
2026-01-08 05:45:00,91183.5,91199.5,91046.5,91086.0,27804.0
2026-01-08 06:00:00,91089.5,91217.0,91067.5,91216.0,22170.0
2026-01-08 06:15:00,91217.0,91400.0,91217.0,91365.5,36283.0
2026-01-08 06:30:00,91369.0,91404.0,91268.0,91399.0,25695.0
2026-01-08 06:45:00,91396.0,91660.0,91286.0,91480.5,62024.0
2026-01-08 07:00:00,91481.5,91493.5,91308.5,91330.5,39428.0
2026-01-08 07:15:00,91330.0,91437.0,91284.0,91395.0,24313.0
2026-01-08 07:30:00,91396.0,91450.0,91283.0,91398.0,29924.0
2026-01-08 07:45:00,91398.0,91424.0,91042.5,91185.5,77125.0
2026-01-08 08:00:00,91192.0,91194.0,90838.5,90870.5,96986.0
2026-01-08 08:15:00,90871.5,90988.0,90722.5,90935.5,102516.0
2026-01-08 08:30:00,90935.5,91109.5,90885.0,91040.5,58202.0
2026-01-08 08:45:00,91039.5,91075.0,90909.5,90922.0,51019.0
2026-01-08 09:00:00,90923.0,91022.5,90708.0,90781.5,68117.0
2026-01-08 09:15:00,90782.5,90830.0,90594.5,90790.0,103334.0
2026-01-08 09:30:00,90790.0,90859.5,90673.0,90792.5,63715.0
2026-01-08 09:45:00,90793.5,91152.0,90784.0,91074.0,84265.0
2026-01-08 10:00:00,91074.0,91117.0,90969.0,91018.5,50143.0
2026-01-08 10:15:00,91027.5,91094.5,90969.0,90996.5,40255.0
2026-01-08 10:30:00,91008.5,91167.5,91008.5,91063.0,54545.0
2026-01-08 10:45:00,91063.0,91140.5,90963.0,90986.5,46521.0
2026-01-08 11:00:00,90987.5,91052.5,90859.0,90869.0,72745.0
2026-01-08 11:15:00,90869.0,90896.0,90758.0,90798.0,67426.0
2026-01-08 11:30:00,90798.0,90845.0,90384.0,90501.5,243078.0
2026-01-08 11:45:00,90500.5,90500.5,90159.0,90240.0,203963.0
2026-01-08 12:00:00,90240.0,90388.0,90189.0,90347.5,72299.0
2026-01-08 12:15:00,90348.5,90348.5,89839.5,89852.5,232172.0
2026-01-08 12:30:00,89848.5,90070.5,89603.5,90018.5,233458.0
2026-01-08 12:45:00,90012.5,90252.0,89967.5,90238.0,115728.0
2026-01-08 13:00:00,90245.5,90439.0,90174.5,90414.0,132974.0
2026-01-08 13:15:00,90414.0,90563.5,90389.0,90518.5,85295.0
2026-01-08 13:30:00,90519.5,90618.0,90420.0,90598.0,109239.0
2026-01-08 13:45:00,90598.0,90686.5,90543.5,90686.5,97902.0
2026-01-08 14:00:00,90682.0,90749.5,90359.0,90410.0,163626.0
2026-01-08 14:15:00,90410.0,90419.0,90132.0,90209.5,140406.0
2026-01-08 14:30:00,90208.5,90355.0,90134.0,90304.5,89935.0
2026-01-08 14:45:00,90303.5,90332.5,89998.5,90009.0,136350.0
2026-01-08 15:00:00,90010.0,90099.5,89935.5,90039.0,106106.0
2026-01-08 15:15:00,90039.0,90128.5,89926.0,89988.5,71269.0
2026-01-08 15:30:00,89988.5,90040.0,89742.0,89909.5,183368.0
2026-01-08 15:45:00,89909.5,90254.0,89888.0,90170.0,124375.0
2026-01-08 16:00:00,90170.0,90273.0,90107.0,90137.5,84602.0
2026-01-08 16:15:00,90137.5,90474.5,90136.5,90379.0,106865.0
2026-01-08 16:30:00,90373.0,90468.0,90238.0,90258.0,114401.0
2026-01-08 16:45:00,90258.0,90288.0,90043.0,90186.0,111073.0
2026-01-08 17:00:00,90187.0,90246.0,90019.0,90051.0,82553.0
2026-01-08 17:15:00,90052.0,90258.0,89999.0,90202.0,70587.0
2026-01-08 17:30:00,90205.0,90218.5,89800.0,89861.0,165348.0
2026-01-08 17:45:00,89861.0,90004.5,89783.0,89928.0,98090.0
2026-01-08 18:00:00,89928.0,90008.0,89758.5,89976.5,133199.0
2026-01-08 18:15:00,89981.5,90060.0,89907.0,89962.0,90573.0
2026-01-08 18:30:00,89962.0,89997.0,89903.5,89950.5,52936.0
2026-01-08 18:45:00,89950.5,90083.0,89897.5,90048.0,90917.0
2026-01-08 19:00:00,90047.0,90077.5,89853.0,89999.0,104998.0
2026-01-08 19:15:00,89999.0,90036.5,89839.0,89939.5,76708.0
2026-01-08 19:30:00,89939.5,89939.5,89698.5,89833.5,215749.0
2026-01-08 19:45:00,89833.5,89853.0,89406.5,89609.5,337054.0
2026-01-08 20:00:00,89608.5,89894.5,89335.5,89398.5,446441.0
2026-01-08 20:15:00,89399.5,90144.0,89271.5,89988.0,526047.0
2026-01-08 20:30:00,89984.0,90435.0,89778.5,90279.5,430548.0
2026-01-08 20:45:00,90279.5,90610.0,90240.0,90542.0,328184.0
2026-01-08 21:00:00,90550.0,90658.0,90242.5,90425.5,293728.0
2026-01-08 21:15:00,90428.0,90796.0,90227.0,90739.0,295859.0
2026-01-08 21:30:00,90740.0,90877.5,90510.0,90655.5,315860.0
2026-01-08 21:45:00,90656.5,90675.5,90409.0,90631.5,246730.0
2026-01-08 22:00:00,90632.5,90740.5,90271.0,90678.0,307508.0
2026-01-08 22:15:00,90679.0,90898.5,90647.0,90896.5,200077.0
2026-01-08 22:30:00,90897.5,91225.0,90830.0,91067.5,424168.0
2026-01-08 22:45:00,91067.5,91150.0,90798.5,90820.5,210286.0
2026-01-08 23:00:00,90822.0,91186.0,90822.0,91164.5,163922.0
2026-01-08 23:15:00,91154.5,91409.5,91153.5,91330.0,237107.0
2026-01-08 23:30:00,91329.0,91435.0,91132.0,91134.0,188231.0
2026-01-08 23:45:00,91135.0,91267.5,91079.0,91216.5,117137.0
2026-01-09 00:00:00,91217.5,91274.0,90909.0,90969.0,138506.0
2026-01-09 00:15:00,90969.0,91129.5,90905.5,91080.0,92751.0
2026-01-09 00:30:00,91080.0,91274.0,90983.0,91186.5,99545.0
2026-01-09 00:45:00,91180.5,91180.5,90909.0,91047.0,71361.0
2026-01-09 01:00:00,91042.5,91292.0,91041.0,91132.0,65821.0
2026-01-09 01:15:00,91131.0,91131.0,90762.0,90899.5,104535.0
2026-01-09 01:30:00,90900.5,90900.5,90530.0,90653.0,160606.0
2026-01-09 01:45:00,90638.0,90705.0,90546.5,90560.0,56029.0
2026-01-09 02:00:00,90590.0,90814.5,90566.0,90744.0,44380.0
2026-01-09 02:15:00,90765.5,90964.0,90748.0,90882.5,42753.0
2026-01-09 02:30:00,90892.5,91108.0,90881.5,91094.5,37503.0
2026-01-09 02:45:00,91094.5,91150.0,90987.0,91069.5,19926.0
2026-01-09 03:00:00,91068.5,91272.5,91019.0,91228.5,29120.0
2026-01-09 03:15:00,91222.5,91303.5,91209.0,91228.5,21111.0
2026-01-09 03:30:00,91232.0,91460.0,91113.5,91399.0,49873.0
2026-01-09 03:45:00,91399.0,91399.0,91188.5,91245.0,16593.0
2026-01-09 04:00:00,91246.0,91246.5,90984.0,91100.5,31389.0
2026-01-09 04:15:00,91101.5,91194.0,91091.5,91193.0,14618.0
2026-01-09 04:30:00,91197.0,91298.5,91186.5,91233.5,15275.0
2026-01-09 04:45:00,91230.5,91281.0,91213.0,91248.0,6917.0
2026-01-09 05:00:00,91254.5,91265.5,91067.5,91084.0,19948.0
2026-01-09 05:15:00,91084.0,91126.0,91010.0,91070.5,20019.0
2026-01-09 05:30:00,91069.5,91133.5,91025.0,91112.0,13375.0
2026-01-09 05:45:00,91111.0,91116.5,91022.5,91033.5,11798.0
2026-01-09 06:00:00,91032.5,91197.5,91032.5,91195.5,25026.0
2026-01-09 06:15:00,91189.0,91279.5,91174.5,91257.0,13466.0
2026-01-09 06:30:00,91261.0,91304.5,91197.0,91230.5,24326.0
2026-01-09 06:45:00,91230.5,91509.5,90982.0,91462.0,84548.0
2026-01-09 07:00:00,91482.0,91606.5,90809.5,90920.5,113943.0
2026-01-09 07:15:00,90921.5,91042.5,90913.5,91026.0,32401.0
2026-01-09 07:30:00,91025.0,91442.0,90998.0,91402.5,74503.0
2026-01-09 07:45:00,91401.5,91456.5,91253.0,91261.5,49092.0
2026-01-09 08:00:00,91262.5,91321.5,91100.5,91193.5,41748.0
2026-01-09 08:15:00,91193.5,91217.5,90979.0,91008.5,46677.0
2026-01-09 08:30:00,91008.5,91180.0,90931.0,91119.0,63646.0
2026-01-09 08:45:00,91120.0,91221.5,90925.0,90986.5,52794.0
2026-01-09 09:00:00,90985.5,91221.0,90939.5,91162.5,51935.0
2026-01-09 09:15:00,91162.5,91242.0,91139.0,91202.0,34605.0
2026-01-09 09:30:00,91200.0,91212.5,91005.5,91033.0,33763.0
2026-01-09 09:45:00,91033.0,91113.5,91014.0,91104.0,23793.0
2026-01-09 10:00:00,91103.0,91114.0,90895.0,90990.5,58309.0
2026-01-09 10:15:00,90990.5,91037.5,90976.5,90987.5,18393.0
2026-01-09 10:30:00,90988.5,91096.5,90988.5,91054.0,23824.0
2026-01-09 10:45:00,91044.0,91055.0,90884.0,90990.0,46342.0
2026-01-09 11:00:00,90990.0,91009.5,90889.0,90973.0,34991.0
2026-01-09 11:15:00,90972.0,91076.0,90954.5,91068.0,30718.0
2026-01-09 11:30:00,91068.0,91083.0,91004.0,91005.0,43344.0
2026-01-09 11:45:00,91005.0,91117.5,90963.0,90966.0,33609.0
2026-01-09 12:00:00,90962.5,91124.0,90960.5,91090.5,38877.0
2026-01-09 12:15:00,91090.5,91125.0,91058.5,91113.5,23029.0
2026-01-09 12:30:00,91113.5,91113.5,91012.0,91044.0,15753.0
2026-01-09 12:45:00,91040.0,91042.5,90968.0,91003.5,25082.0
2026-01-09 13:00:00,91003.5,91003.5,90876.5,90950.5,56858.0
2026-01-09 13:15:00,90950.5,90953.0,90713.0,90721.0,113710.0
2026-01-09 13:30:00,90722.0,90809.5,90460.0,90657.0,201754.0
2026-01-09 13:45:00,90660.0,90822.5,90611.0,90651.5,84740.0
2026-01-09 14:00:00,90651.5,90675.0,90264.5,90294.5,220858.0
2026-01-09 14:15:00,90294.5,90318.0,89657.5,89998.5,443850.0
2026-01-09 14:30:00,89997.5,90230.0,89972.0,90127.0,134404.0
2026-01-09 14:45:00,90128.0,90447.5,90028.0,90375.0,132954.0
2026-01-09 15:00:00,90375.0,90375.0,90260.5,90322.0,61882.0
2026-01-09 15:15:00,90323.0,90400.5,90242.5,90309.0,51764.0
2026-01-09 15:30:00,90308.0,90473.5,90240.0,90358.0,79007.0
2026-01-09 15:45:00,90358.0,90523.5,90358.0,90399.5,61392.0
2026-01-09 16:00:00,90399.5,90504.5,90368.0,90470.0,41045.0
2026-01-09 16:15:00,90469.0,90500.0,90444.5,90453.5,33007.0
2026-01-09 16:30:00,90452.5,90553.5,90399.5,90552.5,70136.0
2026-01-09 16:45:00,90553.5,90648.0,90470.0,90533.0,89584.0
2026-01-09 17:00:00,90532.0,90567.0,90433.0,90487.5,35889.0
2026-01-09 17:15:00,90487.5,90525.5,90365.5,90407.0,70611.0
2026-01-09 17:30:00,90407.0,90563.0,90341.5,90376.0,79464.0
2026-01-09 17:45:00,90377.0,90392.0,90186.0,90295.5,141558.0
2026-01-09 18:00:00,90294.5,90414.5,90267.0,90375.5,62897.0
2026-01-09 18:15:00,90375.5,90441.5,90339.0,90413.5,43744.0
2026-01-09 18:30:00,90413.5,90631.0,90399.0,90599.0,110116.0
2026-01-09 18:45:00,90598.0,90691.0,90546.5,90559.0,143370.0
2026-01-09 19:00:00,90559.0,90841.5,90355.5,90582.5,301589.0
2026-01-09 19:15:00,90583.0,90697.5,90444.5,90569.5,117555.0
2026-01-09 19:30:00,90569.5,90576.0,90209.0,90313.0,217974.0
2026-01-09 19:45:00,90314.0,90565.5,90288.0,90533.5,130515.0
2026-01-09 20:00:00,90533.5,90640.5,90039.0,90060.5,446854.0
2026-01-09 20:15:00,90060.5,90211.5,89897.0,90120.5,316606.0
2026-01-09 20:30:00,90120.5,90307.5,89808.0,90229.5,345085.0
2026-01-09 20:45:00,90225.5,91709.5,90138.5,91651.5,666842.0
2026-01-09 21:00:00,91650.5,92008.0,91158.5,91209.5,677327.0
2026-01-09 21:15:00,91209.5,91529.5,90817.0,91147.5,428900.0
2026-01-09 21:30:00,91147.5,91738.0,91133.5,91732.5,342301.0
2026-01-09 21:45:00,91731.5,91753.5,91289.0,91357.0,253247.0
2026-01-09 22:00:00,91357.0,91459.5,91217.0,91432.0,194914.0
2026-01-09 22:15:00,91432.0,91655.5,91389.0,91599.5,169174.0
2026-01-09 22:30:00,91600.0,91648.5,91204.5,91323.5,185396.0
2026-01-09 22:45:00,91324.0,91327.0,90969.0,91100.0,258795.0
2026-01-09 23:00:00,91100.0,91262.5,91018.5,91134.0,122125.0
2026-01-09 23:15:00,91135.0,91502.0,91109.0,91381.5,172862.0
2026-01-09 23:30:00,91380.0,91476.0,91200.5,91246.0,140414.0
2026-01-09 23:45:00,91246.0,91246.0,90541.0,90552.0,342418.0
2026-01-10 00:00:00,90551.0,90833.5,90292.0,90779.5,273377.0
2026-01-10 00:15:00,90780.0,90924.5,90610.0,90781.0,114159.0
2026-01-10 00:30:00,90779.5,90779.5,90490.5,90515.5,123254.0
2026-01-10 00:45:00,90521.0,90555.5,90259.0,90293.0,130186.0
2026-01-10 01:00:00,90296.0,90442.5,90154.0,90308.5,107611.0
2026-01-10 01:15:00,90308.5,90587.0,90300.0,90300.0,68222.0
2026-01-10 01:30:00,90300.0,90431.5,90204.0,90375.5,55270.0
2026-01-10 01:45:00,90369.5,90540.5,90324.0,90446.5,38539.0
2026-01-10 02:00:00,90446.0,90562.5,90238.5,90239.5,57736.0
2026-01-10 02:15:00,90238.5,90369.5,90209.0,90298.5,38551.0
2026-01-10 02:30:00,90284.0,90409.5,90095.0,90330.0,45991.0
2026-01-10 02:45:00,90331.0,90614.0,90287.0,90540.0,33182.0
2026-01-10 03:00:00,90539.0,90606.0,90395.0,90428.0,17170.0
2026-01-10 03:15:00,90430.0,90545.5,90402.5,90512.5,10745.0
2026-01-10 03:30:00,90518.0,90539.5,90329.0,90368.0,12722.0
2026-01-10 03:45:00,90356.0,90578.5,90330.5,90569.0,12426.0
2026-01-10 04:00:00,90560.5,90684.5,90509.0,90520.5,22692.0
2026-01-10 04:15:00,90519.5,90655.5,90519.5,90592.0,8768.0
2026-01-10 04:30:00,90594.5,90674.0,90572.0,90673.0,10587.0
2026-01-10 04:45:00,90674.0,90702.5,90628.5,90680.0,10156.0
2026-01-10 05:00:00,90680.0,90701.5,90615.0,90653.0,13857.0
2026-01-10 05:15:00,90658.0,90671.0,90566.0,90613.5,10819.0
2026-01-10 05:30:00,90613.5,90659.0,90544.0,90544.0,12820.0
2026-01-10 05:45:00,90537.5,90598.5,90489.0,90598.5,18865.0
2026-01-10 06:00:00,90597.5,90635.5,90567.0,90580.0,9355.0
2026-01-10 06:15:00,90584.0,90584.0,90515.0,90575.0,9000.0
2026-01-10 06:30:00,90575.0,90625.5,90550.0,90619.5,7628.0
2026-01-10 06:45:00,90619.5,90673.5,90579.5,90637.5,12888.0
2026-01-10 07:00:00,90636.5,90699.5,90629.0,90699.5,10974.0
2026-01-10 07:15:00,90698.5,90713.0,90633.0,90659.5,20598.0
2026-01-10 07:30:00,90665.5,90719.0,90665.5,90715.5,19096.0
2026-01-10 07:45:00,90715.5,90756.0,90674.0,90748.0,22224.0
2026-01-10 08:00:00,90748.0,90748.0,90569.0,90584.5,41862.0
2026-01-10 08:15:00,90583.5,90672.0,90581.5,90661.5,20754.0
2026-01-10 08:30:00,90662.5,90666.5,90521.0,90546.0,24197.0
2026-01-10 08:45:00,90546.0,90609.5,90546.0,90605.0,11817.0
2026-01-10 09:00:00,90604.5,90629.5,90566.0,90566.0,17058.0
2026-01-10 09:15:00,90569.5,90626.0,90544.0,90601.0,18301.0
2026-01-10 09:30:00,90601.0,90619.5,90484.5,90509.0,42351.0
2026-01-10 09:45:00,90509.0,90534.5,90481.5,90503.0,24764.0
2026-01-10 10:00:00,90505.0,90519.5,90436.5,90484.0,36456.0
2026-01-10 10:15:00,90485.0,90493.0,90369.0,90430.5,40342.0
2026-01-10 10:30:00,90430.5,90509.5,90399.0,90508.5,34550.0
2026-01-10 10:45:00,90509.5,90544.0,90502.0,90539.0,28218.0
2026-01-10 11:00:00,90539.0,90594.5,90500.0,90578.0,36938.0
2026-01-10 11:15:00,90578.5,90587.0,90564.0,90572.0,20431.0
2026-01-10 11:30:00,90572.0,90579.0,90544.5,90545.0,15465.0
2026-01-10 11:45:00,90546.0,90546.0,90441.0,90503.5,40913.0
2026-01-10 12:00:00,90506.5,90525.0,90477.0,90518.5,20674.0
2026-01-10 12:15:00,90518.5,90525.0,90481.0,90484.0,15355.0
2026-01-10 12:30:00,90484.0,90609.5,90476.0,90578.0,37590.0
2026-01-10 12:45:00,90578.0,90579.5,90536.5,90578.5,14738.0
2026-01-10 13:00:00,90579.5,90660.0,90571.0,90582.5,51325.0
2026-01-10 13:15:00,90582.5,90646.0,90582.5,90636.0,21788.0
2026-01-10 13:30:00,90636.0,90719.5,90600.5,90666.5,76118.0
2026-01-10 13:45:00,90666.5,90689.0,90578.5,90658.5,41857.0
2026-01-10 14:00:00,90659.5,90659.5,90609.0,90609.0,15295.0
2026-01-10 14:15:00,90610.0,90639.5,90588.0,90638.0,12883.0
2026-01-10 14:30:00,90638.5,90687.0,90604.5,90608.5,31539.0
2026-01-10 14:45:00,90609.0,90664.5,90608.5,90644.5,11447.0
2026-01-10 15:00:00,90645.0,90719.5,90588.5,90656.0,38674.0
2026-01-10 15:15:00,90656.0,90739.5,90654.0,90738.5,32114.0
2026-01-10 15:30:00,90738.5,90739.5,90688.5,90729.5,33034.0
2026-01-10 15:45:00,90730.0,90774.5,90694.5,90734.5,58848.0
2026-01-10 16:00:00,90734.5,90789.5,90728.5,90758.5,39430.0
2026-01-10 16:15:00,90759.5,90810.0,90758.0,90805.0,52699.0
2026-01-10 16:30:00,90805.0,90805.0,90723.5,90753.0,43853.0
2026-01-10 16:45:00,90753.0,90777.0,90743.5,90743.5,23973.0
2026-01-10 17:00:00,90744.0,90779.5,90743.5,90747.0,21257.0
2026-01-10 17:15:00,90747.0,90748.0,90665.0,90702.5,56167.0
2026-01-10 17:30:00,90701.5,90744.5,90681.0,90715.5,34842.0
2026-01-10 17:45:00,90715.0,90768.5,90684.0,90684.0,37005.0
2026-01-10 18:00:00,90685.0,90686.5,90632.5,90678.5,43428.0
2026-01-10 18:15:00,90677.5,90711.5,90668.0,90706.5,30155.0
2026-01-10 18:30:00,90706.5,90737.0,90672.0,90672.0,27032.0
2026-01-10 18:45:00,90672.0,90717.0,90672.0,90695.0,16476.0
2026-01-10 19:00:00,90694.0,90704.0,90671.5,90697.5,21212.0
2026-01-10 19:15:00,90696.5,90700.0,90607.0,90629.5,40058.0
2026-01-10 19:30:00,90630.0,90639.0,90503.5,90585.5,113077.0
2026-01-10 19:45:00,90585.5,90623.0,90561.0,90585.0,53931.0
2026-01-10 20:00:00,90585.0,90585.0,90525.5,90525.5,52632.0
2026-01-10 20:15:00,90526.5,90564.5,90526.0,90561.5,37056.0
2026-01-10 20:30:00,90561.5,90609.5,90546.5,90600.0,47959.0
2026-01-10 20:45:00,90599.0,90610.5,90544.0,90564.5,29590.0
2026-01-10 21:00:00,90564.5,90612.5,90564.5,90612.0,27764.0
2026-01-10 21:15:00,90611.5,90639.5,90579.0,90632.5,34088.0
2026-01-10 21:30:00,90632.5,90698.0,90619.5,90641.5,79150.0
2026-01-10 21:45:00,90641.5,90642.5,90582.0,90618.5,36549.0
2026-01-10 22:00:00,90619.5,90673.0,90570.5,90671.5,29465.0
2026-01-10 22:15:00,90670.5,90674.5,90639.5,90649.5,18299.0
2026-01-10 22:30:00,90650.5,90688.5,90650.5,90688.5,23992.0
2026-01-10 22:45:00,90688.5,90718.5,90687.5,90717.5,36949.0
2026-01-10 23:00:00,90717.5,90717.5,90629.0,90631.5,42260.0
2026-01-10 23:15:00,90631.5,90635.0,90512.5,90521.0,79619.0
2026-01-10 23:30:00,90525.0,90552.0,90478.0,90506.0,63247.0
2026-01-10 23:45:00,90507.0,90549.5,90507.0,90549.5,29133.0
2026-01-11 00:00:00,90548.5,90571.0,90537.5,90568.0,15028.0
2026-01-11 00:15:00,90568.0,90575.0,90553.5,90565.0,22433.0
2026-01-11 00:30:00,90564.5,90572.0,90554.0,90554.0,9098.0
2026-01-11 00:45:00,90554.0,90584.0,90554.0,90583.0,8465.0
2026-01-11 01:00:00,90583.0,90607.5,90576.5,90606.5,11915.0
2026-01-11 01:15:00,90607.5,90607.5,90576.5,90601.0,7420.0
2026-01-11 01:30:00,90601.0,90637.5,90594.0,90637.5,11744.0
2026-01-11 01:45:00,90637.5,90637.5,90610.0,90611.5,5935.0
2026-01-11 02:00:00,90610.5,90611.5,90550.0,90557.0,15200.0
2026-01-11 02:15:00,90557.0,90559.5,90546.5,90547.5,5562.0
2026-01-11 02:30:00,90548.5,90548.5,90471.5,90506.0,30484.0
2026-01-11 02:45:00,90506.0,90548.5,90490.5,90533.0,6888.0
2026-01-11 03:00:00,90530.5,90533.0,90484.0,90508.0,8335.0
2026-01-11 03:15:00,90508.0,90508.0,90472.5,90479.5,6176.0
2026-01-11 03:30:00,90478.5,90479.5,90373.0,90382.5,56370.0
2026-01-11 03:45:00,90382.5,90465.5,90367.5,90465.5,11417.0
2026-01-11 04:00:00,90465.5,90566.0,90465.5,90566.0,12199.0
2026-01-11 04:15:00,90569.5,90572.0,90392.5,90393.5,8739.0
2026-01-11 04:30:00,90393.5,90509.5,90393.5,90481.0,12151.0
2026-01-11 04:45:00,90486.0,90524.5,90482.5,90512.5,6899.0
2026-01-11 05:00:00,90512.5,90545.5,90480.0,90505.0,7146.0
2026-01-11 05:15:00,90490.0,90540.5,90456.5,90479.5,4908.0
2026-01-11 05:30:00,90491.5,90491.5,90419.0,90478.5,11861.0
2026-01-11 05:45:00,90479.5,90587.5,90479.5,90578.5,16628.0
2026-01-11 06:00:00,90579.5,90579.5,90527.0,90529.0,6637.0
2026-01-11 06:15:00,90529.0,90620.0,90528.0,90610.0,12077.0
2026-01-11 06:30:00,90610.0,90650.0,90579.0,90599.0,13844.0
2026-01-11 06:45:00,90598.0,90620.5,90551.0,90558.5,7315.0
2026-01-11 07:00:00,90559.5,90567.5,90530.0,90567.5,11922.0
2026-01-11 07:15:00,90567.5,90607.5,90562.5,90607.5,7454.0
2026-01-11 07:30:00,90607.5,90667.0,90588.0,90659.5,15515.0
2026-01-11 07:45:00,90658.5,90665.0,90615.5,90649.5,11867.0
2026-01-11 08:00:00,90649.5,90663.5,90611.0,90663.5,14299.0
2026-01-11 08:15:00,90663.5,90709.5,90644.5,90663.5,32352.0
2026-01-11 08:30:00,90664.5,90664.5,90594.5,90612.5,17027.0
2026-01-11 08:45:00,90611.5,90702.5,90603.5,90679.5,19302.0
2026-01-11 09:00:00,90680.5,90680.5,90647.5,90673.0,10403.0
2026-01-11 09:15:00,90673.0,90705.5,90653.0,90705.0,17930.0
2026-01-11 09:30:00,90706.0,90706.0,90639.0,90694.5,18537.0
2026-01-11 09:45:00,90695.5,90724.5,90672.0,90682.0,26789.0
2026-01-11 10:00:00,90682.5,90750.0,90677.0,90718.5,26844.0
2026-01-11 10:15:00,90718.5,90759.5,90718.5,90759.5,21979.0
2026-01-11 10:30:00,90758.5,90759.5,90745.5,90753.0,14412.0
2026-01-11 10:45:00,90753.0,90753.0,90704.5,90733.5,22189.0
2026-01-11 11:00:00,90734.5,90788.5,90733.5,90788.5,27011.0
2026-01-11 11:15:00,90788.5,90827.5,90712.0,90739.0,72711.0
2026-01-11 11:30:00,90740.0,90767.0,90739.0,90753.0,18529.0
2026-01-11 11:45:00,90754.0,90754.0,90541.5,90637.5,91649.0
2026-01-11 12:00:00,90637.0,90652.5,90626.0,90634.5,20901.0
2026-01-11 12:15:00,90634.5,90715.0,90633.5,90706.5,25846.0
2026-01-11 12:30:00,90706.0,90707.0,90638.5,90647.0,20781.0
2026-01-11 12:45:00,90646.5,90718.0,90637.0,90695.0,20807.0
2026-01-11 13:00:00,90695.0,90708.5,90663.5,90679.5,11971.0
2026-01-11 13:15:00,90678.5,90679.5,90667.0,90673.5,10377.0
2026-01-11 13:30:00,90675.0,90693.5,90565.0,90638.5,30232.0
2026-01-11 13:45:00,90639.5,90702.5,90639.5,90690.5,13748.0
2026-01-11 14:00:00,90691.5,90769.5,90644.0,90700.0,43229.0
2026-01-11 14:15:00,90699.0,90790.0,90673.5,90763.0,15879.0
2026-01-11 14:30:00,90764.5,90788.0,90735.5,90739.0,30650.0
2026-01-11 14:45:00,90739.0,90786.0,90713.5,90714.5,22441.0
2026-01-11 15:00:00,90714.5,90737.0,90634.0,90712.0,33297.0
2026-01-11 15:15:00,90717.0,90757.5,90694.0,90698.5,16014.0
2026-01-11 15:30:00,90698.5,90709.5,90648.5,90704.0,15832.0
2026-01-11 15:45:00,90704.0,90704.0,90675.5,90692.0,6983.0
2026-01-11 16:00:00,90692.0,90704.5,90651.0,90661.5,10258.0
2026-01-11 16:15:00,90660.5,90704.0,90660.5,90698.0,9685.0
2026-01-11 16:30:00,90699.0,90699.0,90658.5,90667.0,9240.0
2026-01-11 16:45:00,90667.0,90678.0,90662.0,90677.0,5824.0
2026-01-11 17:00:00,90678.0,90709.5,90677.0,90686.5,9559.0
2026-01-11 17:15:00,90685.5,90726.5,90661.5,90726.5,9085.0
2026-01-11 17:30:00,90717.0,90764.5,90679.0,90764.5,21504.0
2026-01-11 17:45:00,90764.5,90838.5,90745.0,90836.5,78717.0
2026-01-11 18:00:00,90836.5,90865.0,90778.5,90862.0,67812.0
2026-01-11 18:15:00,90863.0,90988.0,90862.0,90898.0,121593.0
2026-01-11 18:30:00,90899.0,90936.5,90870.0,90909.5,44541.0
2026-01-11 18:45:00,90909.5,90931.5,90789.5,90851.0,66104.0
2026-01-11 19:00:00,90851.0,90851.0,90788.5,90789.0,43326.0
2026-01-11 19:15:00,90789.0,90859.5,90789.0,90821.5,36086.0
2026-01-11 19:30:00,90820.5,90934.5,90820.5,90903.0,46784.0
2026-01-11 19:45:00,90903.5,90953.5,90890.0,90953.5,34627.0
2026-01-11 20:00:00,90953.5,91019.0,90916.0,90997.0,128779.0
2026-01-11 20:15:00,90996.0,91153.0,90947.5,91084.5,137801.0
2026-01-11 20:30:00,91084.5,91113.0,90834.0,90879.0,128351.0
2026-01-11 20:45:00,90879.0,90979.5,90827.5,90922.0,70905.0
2026-01-11 21:00:00,90922.0,90985.5,90733.5,90806.0,107571.0
2026-01-11 21:15:00,90805.0,90862.5,90661.5,90843.0,143389.0
2026-01-11 21:30:00,90844.0,90959.5,90844.0,90858.0,73994.0
2026-01-11 21:45:00,90858.0,91039.5,90844.5,91001.5,68643.0
2026-01-11 22:00:00,90996.5,91257.5,90996.5,91090.5,219139.0
2026-01-11 22:15:00,91089.5,91100.0,90924.0,91005.5,102197.0
2026-01-11 22:30:00,91005.5,91113.0,90980.0,91019.5,73586.0
2026-01-11 22:45:00,91019.5,91028.0,90897.5,91014.5,63821.0
2026-01-11 23:00:00,91013.5,91026.0,90861.5,90959.5,45818.0
2026-01-11 23:15:00,90959.5,90992.5,90917.5,90954.5,18018.0
2026-01-11 23:30:00,90953.5,90954.5,90859.0,90859.0,37252.0
2026-01-11 23:45:00,90863.0,90920.5,90858.5,90896.0,22938.0
2026-01-12 00:00:00,90896.5,90901.0,90759.5,90819.5,61859.0
2026-01-12 00:15:00,90821.0,90922.5,90811.0,90850.5,33638.0
2026-01-12 00:30:00,90849.5,90894.5,90812.0,90894.5,18138.0
2026-01-12 00:45:00,90893.0,90902.0,90837.5,90864.0,9048.0
2026-01-12 01:00:00,90866.5,90873.0,90737.5,90753.5,24515.0
2026-01-12 01:15:00,90752.5,90759.5,90635.0,90654.5,85895.0
2026-01-12 01:30:00,90653.0,90668.5,90358.5,90532.0,187818.0
2026-01-12 01:45:00,90532.0,90553.0,90375.5,90494.5,54309.0
2026-01-12 02:00:00,90494.5,90623.5,90428.5,90569.0,32573.0
2026-01-12 02:15:00,90569.0,90716.5,90569.0,90663.0,19091.0
2026-01-12 02:30:00,90663.0,90664.0,90553.0,90626.0,11101.0
2026-01-12 02:45:00,90626.0,90740.0,90597.5,90603.0,17036.0
2026-01-12 03:00:00,90606.5,90683.0,90605.5,90654.5,5165.0
2026-01-12 03:15:00,90653.5,90804.5,90640.5,90720.0,19772.0
2026-01-12 03:30:00,90720.0,90720.0,90419.0,90530.0,28312.0
2026-01-12 03:45:00,90522.0,90689.0,90522.0,90645.0,8040.0
2026-01-12 04:00:00,90650.5,90703.5,90596.0,90671.5,8596.0
2026-01-12 04:15:00,90670.5,90671.5,90492.0,90492.0,8527.0
2026-01-12 04:30:00,90492.0,90696.5,90195.0,90678.0,104218.0
2026-01-12 04:45:00,90677.0,91009.5,90677.0,90713.5,59852.0
2026-01-12 05:00:00,90726.0,90915.0,90657.5,90900.0,21359.0
2026-01-12 05:15:00,90898.0,90986.5,90825.5,90986.5,16835.0
2026-01-12 05:30:00,90974.0,91009.5,90762.0,90884.0,30768.0
2026-01-12 05:45:00,90884.0,91197.5,90847.5,91117.5,57397.0
2026-01-12 06:00:00,91108.5,91161.5,90768.0,90795.0,38132.0
2026-01-12 06:15:00,90783.0,91239.0,90651.0,91239.0,64536.0
2026-01-12 06:30:00,91238.0,91779.5,91187.5,91498.0,181493.0
2026-01-12 06:45:00,91497.0,91549.0,91350.0,91484.5,44271.0
2026-01-12 07:00:00,91498.0,91504.0,91057.0,91351.0,77072.0
2026-01-12 07:15:00,91350.0,91487.0,91342.5,91378.5,35018.0
2026-01-12 07:30:00,91380.0,91709.0,91332.5,91707.5,65564.0
2026-01-12 07:45:00,91705.0,91929.5,91598.0,91751.5,116815.0
2026-01-12 08:00:00,91754.0,91982.5,91689.0,91910.5,86823.0
2026-01-12 08:15:00,91910.5,92376.0,91910.5,92178.5,188912.0
2026-01-12 08:30:00,92199.5,92455.5,92114.0,92399.5,117442.0
2026-01-12 08:45:00,92398.5,92497.5,92325.0,92353.5,131071.0
2026-01-12 09:00:00,92356.5,92424.5,91913.0,91959.0,148688.0
2026-01-12 09:15:00,91959.0,91989.0,91766.0,91776.0,89113.0
2026-01-12 09:30:00,91775.0,92062.0,91716.5,92053.0,98466.0
2026-01-12 09:45:00,92052.5,92082.5,91978.5,92008.0,56843.0
2026-01-12 10:00:00,92007.0,92197.5,91980.0,92159.5,64135.0
2026-01-12 10:15:00,92158.5,92255.0,92109.0,92136.5,57827.0
2026-01-12 10:30:00,92136.5,92206.0,92002.0,92095.5,53607.0
2026-01-12 10:45:00,92095.5,92226.5,92062.0,92199.5,33987.0
2026-01-12 11:00:00,92198.5,92229.5,92051.5,92068.5,34329.0
2026-01-12 11:15:00,92069.5,92099.5,92042.0,92075.5,15578.0
2026-01-12 11:30:00,92076.5,92177.0,92000.5,92129.5,39098.0
2026-01-12 11:45:00,92128.5,92166.5,91919.0,91920.5,59674.0
2026-01-12 12:00:00,91919.0,91919.0,91769.0,91894.0,79074.0
2026-01-12 12:15:00,91893.0,91893.0,91775.0,91799.0,40501.0
2026-01-12 12:30:00,91799.0,91942.0,91743.0,91787.5,59817.0
2026-01-12 12:45:00,91788.0,91893.5,91719.5,91854.5,50755.0
2026-01-12 13:00:00,91854.5,91866.5,91502.0,91543.0,145576.0
2026-01-12 13:15:00,91543.0,91546.0,91352.0,91378.0,138522.0
2026-01-12 13:30:00,91378.0,91596.0,91311.5,91509.0,120483.0
2026-01-12 13:45:00,91509.0,91571.5,91421.0,91421.0,47694.0
2026-01-12 14:00:00,91421.0,91421.0,90460.0,90528.5,410837.0
2026-01-12 14:15:00,90529.5,90824.5,90350.0,90723.0,215217.0
2026-01-12 14:30:00,90724.0,90822.0,90619.0,90777.5,81925.0
2026-01-12 14:45:00,90778.0,90878.5,90740.5,90767.5,79613.0
2026-01-12 15:00:00,90767.5,90905.0,90719.5,90807.0,69302.0
2026-01-12 15:15:00,90806.0,90853.0,90640.0,90655.5,47238.0
2026-01-12 15:30:00,90668.0,90766.0,90551.5,90665.0,105965.0
2026-01-12 15:45:00,90665.0,90683.0,90507.5,90529.0,66886.0
2026-01-12 16:00:00,90530.0,90606.5,90495.5,90505.5,47376.0
2026-01-12 16:15:00,90504.5,90504.5,90328.0,90409.0,110467.0
2026-01-12 16:30:00,90404.5,90593.5,90390.5,90552.0,62176.0
2026-01-12 16:45:00,90551.0,90787.0,90521.0,90660.0,93957.0
2026-01-12 17:00:00,90659.0,90723.5,90523.0,90565.0,52012.0
2026-01-12 17:15:00,90565.0,90658.5,90557.0,90583.5,29791.0
2026-01-12 17:30:00,90593.5,90752.0,90582.5,90734.0,66300.0
2026-01-12 17:45:00,90733.0,90837.0,90733.0,90749.5,64045.0
2026-01-12 18:00:00,90749.5,90777.5,90640.0,90701.5,63575.0
2026-01-12 18:15:00,90702.5,90797.5,90674.5,90751.5,39509.0
2026-01-12 18:30:00,90751.5,90797.5,90499.5,90522.0,105347.0
2026-01-12 18:45:00,90526.5,90726.0,90525.5,90663.5,63422.0
2026-01-12 19:00:00,90664.5,90763.0,90564.5,90623.5,59410.0
2026-01-12 19:15:00,90622.5,90668.5,90536.0,90606.5,28950.0
2026-01-12 19:30:00,90605.5,90638.5,90554.0,90616.0,29161.0
2026-01-12 19:45:00,90616.0,90634.5,90087.5,90251.5,422268.0
2026-01-12 20:00:00,90251.5,91004.5,90166.0,90771.0,504418.0
2026-01-12 20:15:00,90771.0,91099.0,90542.0,90862.5,365726.0
2026-01-12 20:30:00,90862.5,90931.0,90666.0,90897.5,192307.0
2026-01-12 20:45:00,90897.5,91391.5,90857.5,91290.0,405169.0
2026-01-12 21:00:00,91290.0,91552.5,91205.0,91484.5,290866.0
2026-01-12 21:15:00,91482.0,91635.0,91333.5,91627.5,188553.0
2026-01-12 21:30:00,91628.5,91840.0,91584.0,91750.0,313126.0
2026-01-12 21:45:00,91753.0,92195.5,91527.5,92179.0,381592.0
2026-01-12 22:00:00,92179.0,92293.0,91943.0,92136.0,284594.0
2026-01-12 22:15:00,92136.0,92223.5,91995.5,92087.5,144020.0
2026-01-12 22:30:00,92087.5,92274.0,91835.0,91945.5,253094.0
2026-01-12 22:45:00,91934.0,92068.5,91624.5,91687.0,279595.0
2026-01-12 23:00:00,91686.0,91723.5,90977.5,91296.5,520187.0
2026-01-12 23:15:00,91295.5,91509.5,91274.0,91479.5,136685.0
2026-01-12 23:30:00,91479.5,91803.5,91367.0,91670.0,178510.0
2026-01-12 23:45:00,91679.0,91921.0,91670.0,91885.5,121580.0
2026-01-13 00:00:00,91885.5,91895.0,91449.5,91627.0,162146.0
2026-01-13 00:15:00,91626.0,91744.5,91594.0,91658.0,67082.0
2026-01-13 00:30:00,91654.0,91730.5,91392.0,91645.0,145234.0
2026-01-13 00:45:00,91647.0,91805.0,91646.0,91804.0,55065.0
2026-01-13 01:00:00,91801.0,91856.5,91709.0,91763.5,44184.0
2026-01-13 01:15:00,91767.5,91840.0,91680.5,91831.5,37443.0
2026-01-13 01:30:00,91832.0,92023.5,91790.5,91838.5,81414.0
2026-01-13 01:45:00,91837.5,91838.5,91656.0,91704.0,37185.0
2026-01-13 02:00:00,91694.5,91694.5,91410.0,91440.5,60605.0
2026-01-13 02:15:00,91439.5,91481.5,91379.0,91463.5,30245.0
2026-01-13 02:30:00,91451.0,91457.5,91164.0,91437.0,59508.0
2026-01-13 02:45:00,91438.0,91460.0,91296.5,91302.5,19575.0
2026-01-13 03:00:00,91301.5,91347.5,91241.0,91258.5,21799.0
2026-01-13 03:15:00,91256.0,91256.0,90886.5,91014.5,105509.0
2026-01-13 03:30:00,91014.5,91404.5,91014.5,91370.5,43664.0
2026-01-13 03:45:00,91370.5,91370.5,91198.0,91226.0,19442.0
2026-01-13 04:00:00,91226.0,91375.5,91155.5,91309.5,19467.0
2026-01-13 04:15:00,91304.0,91304.0,91173.0,91212.5,11155.0
2026-01-13 04:30:00,91212.5,91253.0,91032.0,91126.5,25051.0
2026-01-13 04:45:00,91126.5,91257.0,91098.0,91241.5,14438.0
2026-01-13 05:00:00,91238.5,91290.0,91157.5,91243.5,11705.0
2026-01-13 05:15:00,91225.0,91270.0,91189.5,91262.5,8927.0
2026-01-13 05:30:00,91261.5,91382.0,91224.0,91299.5,25070.0
2026-01-13 05:45:00,91291.5,91500.0,91264.5,91412.0,35836.0
2026-01-13 06:00:00,91412.0,91530.0,91222.0,91285.0,36728.0
2026-01-13 06:15:00,91284.0,91489.5,91277.0,91445.0,16016.0
2026-01-13 06:30:00,91446.0,91524.0,91365.0,91449.0,22278.0
2026-01-13 06:45:00,91434.0,91434.0,91261.5,91304.5,20875.0
2026-01-13 07:00:00,91304.5,91319.5,91019.5,91069.0,54359.0
2026-01-13 07:15:00,91066.0,91188.0,91066.0,91166.0,21303.0
2026-01-13 07:30:00,91166.0,91354.5,91166.0,91267.0,40208.0
2026-01-13 07:45:00,91262.0,91288.5,91223.0,91246.0,12727.0
2026-01-13 08:00:00,91246.0,91285.5,91088.5,91095.0,28158.0
2026-01-13 08:15:00,91095.0,91214.5,91094.0,91103.5,19001.0
2026-01-13 08:30:00,91102.5,91260.5,91093.5,91244.5,33659.0
2026-01-13 08:45:00,91243.5,91445.5,91240.0,91366.0,49224.0
2026-01-13 09:00:00,91366.0,91399.5,91286.0,91306.5,25921.0
2026-01-13 09:15:00,91306.5,91390.5,91263.0,91389.5,17017.0
2026-01-13 09:30:00,91390.5,91458.5,91364.5,91435.5,34431.0
2026-01-13 09:45:00,91435.0,91630.0,91370.5,91446.0,82617.0
2026-01-13 10:00:00,91446.0,91454.5,91325.0,91340.0,30604.0
2026-01-13 10:15:00,91339.0,91509.5,91329.5,91488.0,33926.0
2026-01-13 10:30:00,91489.0,91727.5,91451.0,91721.0,84528.0
2026-01-13 10:45:00,91721.0,92231.5,91667.0,92060.0,232802.0
2026-01-13 11:00:00,92056.0,92096.5,91824.0,91915.0,97756.0
2026-01-13 11:15:00,91915.0,92088.5,91875.5,91892.5,80734.0
2026-01-13 11:30:00,91893.5,92057.0,91773.0,91902.0,68850.0
2026-01-13 11:45:00,91902.0,92027.5,91860.5,91860.5,48794.0
2026-01-13 12:00:00,91862.5,92109.5,91862.5,91967.0,62759.0
2026-01-13 12:15:00,91967.0,92259.5,91966.0,92155.5,87764.0
2026-01-13 12:30:00,92161.5,92187.5,92001.5,92001.5,57817.0
2026-01-13 12:45:00,92001.5,92042.0,91875.0,91994.5,75880.0
2026-01-13 13:00:00,91994.5,92009.5,91909.0,91918.0,25523.0
2026-01-13 13:15:00,91917.5,91941.5,91880.5,91917.0,41605.0
2026-01-13 13:30:00,91917.0,91996.5,91890.0,91952.5,34247.0
2026-01-13 13:45:00,91951.5,92051.0,91909.0,91925.5,40003.0
2026-01-13 14:00:00,91925.5,92168.5,91925.5,92112.0,47857.0
2026-01-13 14:15:00,92112.0,92244.5,92095.5,92147.5,65549.0
2026-01-13 14:30:00,92147.5,92409.5,92135.5,92408.0,167890.0
2026-01-13 14:45:00,92408.0,92666.0,92322.5,92528.5,210077.0
2026-01-13 15:00:00,92523.5,92559.5,91898.5,92107.0,199813.0
2026-01-13 15:15:00,92107.0,92302.5,92095.0,92249.5,94035.0
2026-01-13 15:30:00,92249.5,92327.0,92165.5,92201.5,63229.0
2026-01-13 15:45:00,92201.5,92227.0,92095.5,92221.5,61953.0
2026-01-13 16:00:00,92224.0,92259.5,92017.5,92024.5,60624.0
2026-01-13 16:15:00,92022.0,92115.0,91988.5,92101.5,70090.0
2026-01-13 16:30:00,92101.5,92236.5,91998.5,92187.0,62759.0
2026-01-13 16:45:00,92187.0,92221.0,92078.5,92177.5,35993.0
2026-01-13 17:00:00,92176.5,92180.0,92030.0,92032.0,29293.0
2026-01-13 17:15:00,92031.0,92068.5,91937.5,91972.0,74259.0
2026-01-13 17:30:00,91971.0,92037.0,91877.0,91913.5,99405.0
2026-01-13 17:45:00,91913.5,92097.5,91880.0,92048.0,57852.0
2026-01-13 18:00:00,92048.0,92134.0,92048.0,92113.0,50961.0
2026-01-13 18:15:00,92113.0,92117.5,92035.5,92085.0,42295.0
2026-01-13 18:30:00,92086.0,92086.0,91952.0,91980.5,62022.0
2026-01-13 18:45:00,91980.5,92112.5,91962.5,92109.0,48820.0
2026-01-13 19:00:00,92110.0,92564.5,91845.0,92163.0,404550.0
2026-01-13 19:15:00,92164.5,92222.0,92012.0,92030.0,96031.0
2026-01-13 19:30:00,92019.5,92031.0,91738.5,91937.5,241194.0
2026-01-13 19:45:00,91938.5,92404.0,91933.5,92391.0,185408.0
2026-01-13 20:00:00,92393.0,92892.5,92281.5,92662.0,518679.0
2026-01-13 20:15:00,92662.0,92740.0,92357.5,92423.0,267604.0
2026-01-13 20:30:00,92420.5,92569.5,92077.5,92556.0,358700.0
2026-01-13 20:45:00,92556.0,92557.0,92157.0,92363.5,145331.0
2026-01-13 21:00:00,92363.5,93134.5,92329.0,92898.0,443156.0
2026-01-13 21:15:00,92892.5,93417.5,92787.5,93416.5,365780.0
2026-01-13 21:30:00,93414.5,93675.0,93247.0,93250.5,411373.0
2026-01-13 21:45:00,93250.5,93445.0,93018.5,93158.5,285523.0
2026-01-13 22:00:00,93158.5,93631.5,93096.5,93507.5,282483.0
2026-01-13 22:15:00,93508.5,93716.5,93323.5,93350.5,277922.0
2026-01-13 22:30:00,93351.5,93461.0,93196.0,93285.5,219160.0
2026-01-13 22:45:00,93285.5,93421.0,93059.0,93371.5,191459.0
2026-01-13 23:00:00,93371.5,93424.5,93123.5,93350.0,126541.0
2026-01-13 23:15:00,93343.0,93424.0,93186.5,93199.5,81053.0
2026-01-13 23:30:00,93199.5,93627.0,93147.5,93528.0,151082.0
2026-01-13 23:45:00,93529.0,93694.5,93496.0,93530.0,121504.0
2026-01-14 00:00:00,93537.0,93706.0,93463.0,93581.0,100505.0
2026-01-14 00:15:00,93579.0,93850.5,93442.5,93591.0,176056.0
2026-01-14 00:30:00,93595.0,93631.5,93429.5,93508.0,65529.0
2026-01-14 00:45:00,93516.0,93834.0,93440.0,93818.5,97664.0
2026-01-14 01:00:00,93820.5,94080.5,93760.0,93989.5,235762.0
2026-01-14 01:15:00,93989.5,94195.5,93966.0,94188.5,112955.0
2026-01-14 01:30:00,94188.5,94399.0,94132.5,94298.5,157483.0
2026-01-14 01:45:00,94299.5,94471.5,94209.0,94299.5,104879.0
2026-01-14 02:00:00,94299.5,94320.5,94049.0,94250.0,87901.0
2026-01-14 02:15:00,94250.0,94406.0,94165.5,94389.5,55340.0
2026-01-14 02:30:00,94356.0,94449.5,94302.0,94339.5,33343.0
2026-01-14 02:45:00,94336.0,94481.5,94270.5,94274.5,47141.0
2026-01-14 03:00:00,94274.5,94330.5,94095.0,94109.5,42635.0
2026-01-14 03:15:00,94109.5,94144.5,94024.0,94045.0,45414.0
2026-01-14 03:30:00,94050.0,96756.0,94046.5,95585.0,503596.0
2026-01-14 03:45:00,95600.0,95681.0,95000.0,95291.0,79177.0
2026-01-14 04:00:00,95291.0,95615.5,95100.0,95557.0,65528.0
2026-01-14 04:15:00,95547.5,96018.0,95468.5,95724.5,74399.0
2026-01-14 04:30:00,95740.0,96097.5,95635.5,95692.5,75222.0
2026-01-14 04:45:00,95701.0,95710.0,95315.5,95359.5,48083.0
2026-01-14 05:00:00,95341.0,95411.0,95083.5,95170.0,50504.0
2026-01-14 05:15:00,95170.0,95449.5,95035.0,95384.5,55937.0
2026-01-14 05:30:00,95385.5,95608.0,95334.5,95475.5,49329.0
2026-01-14 05:45:00,95480.5,95586.0,95401.0,95427.0,26596.0
2026-01-14 06:00:00,95428.0,95428.0,95130.0,95262.0,48886.0
2026-01-14 06:15:00,95262.0,95318.0,95158.0,95206.5,28868.0
2026-01-14 06:30:00,95205.5,95470.0,95111.0,95450.0,46779.0
2026-01-14 06:45:00,95450.0,95550.0,95373.0,95440.5,34117.0
2026-01-14 07:00:00,95439.5,95509.0,95145.5,95238.0,48367.0
2026-01-14 07:15:00,95238.0,95310.0,95091.5,95200.5,45961.0
2026-01-14 07:30:00,95200.5,95515.5,95163.0,95446.5,46023.0
2026-01-14 07:45:00,95447.5,95535.0,95336.5,95495.5,35803.0
2026-01-14 08:00:00,95495.5,95495.5,95310.5,95455.0,22475.0
2026-01-14 08:15:00,95454.0,95503.0,95223.5,95310.0,33860.0
2026-01-14 08:30:00,95310.0,95456.0,95244.0,95392.5,31033.0
2026-01-14 08:45:00,95381.5,95459.5,95322.0,95333.0,19314.0
2026-01-14 09:00:00,95333.0,95558.5,95333.0,95509.0,54888.0
2026-01-14 09:15:00,95510.0,95680.0,95494.5,95676.0,65457.0
2026-01-14 09:30:00,95676.0,95765.0,95335.0,95388.5,101805.0
2026-01-14 09:45:00,95389.5,95492.0,95377.5,95429.0,25437.0
2026-01-14 10:00:00,95420.5,95422.5,95235.5,95244.5,71077.0
2026-01-14 10:15:00,95242.0,95290.5,95182.0,95201.5,43359.0
2026-01-14 10:30:00,95202.5,95221.0,95067.0,95210.5,72850.0
2026-01-14 10:45:00,95210.5,95247.0,94918.5,95003.5,144654.0
2026-01-14 11:00:00,95003.5,95191.0,94948.5,94985.5,71099.0
2026-01-14 11:15:00,94951.5,95106.0,94950.0,94972.0,41640.0
2026-01-14 11:30:00,94972.0,94981.0,94665.5,94832.0,171985.0
2026-01-14 11:45:00,94837.5,94853.0,94633.0,94665.5,91304.0
2026-01-14 12:00:00,94666.5,94876.0,94429.0,94854.0,114388.0
2026-01-14 12:15:00,94854.0,94995.5,94853.0,94994.5,88923.0
2026-01-14 12:30:00,94994.5,95107.5,94880.5,95016.5,99928.0
2026-01-14 12:45:00,95015.5,95156.5,94886.5,94904.5,63208.0
2026-01-14 13:00:00,94903.5,95020.0,94823.5,94998.5,140801.0
2026-01-14 13:15:00,94998.5,95225.0,94987.5,95177.0,90288.0
2026-01-14 13:30:00,95177.0,95298.0,95143.5,95239.5,77808.0
2026-01-14 13:45:00,95243.5,95259.0,95136.5,95141.5,37157.0
2026-01-14 14:00:00,95141.5,95172.0,94916.5,94928.0,82685.0
2026-01-14 14:15:00,94928.0,94955.0,94864.5,94876.0,61082.0
2026-01-14 14:30:00,94876.0,95106.5,94851.0,95056.0,65460.0
2026-01-14 14:45:00,95055.5,95163.0,95020.0,95043.5,50367.0
2026-01-14 15:00:00,95042.5,95114.5,94964.0,94986.0,35421.0
2026-01-14 15:15:00,94987.0,95080.5,94941.0,95062.0,31278.0
2026-01-14 15:30:00,95062.0,95157.5,95034.5,95150.5,40916.0
2026-01-14 15:45:00,95154.5,95263.5,94850.5,95006.5,117864.0
2026-01-14 16:00:00,95006.5,95146.5,94875.0,95073.0,57162.0
2026-01-14 16:15:00,95069.5,95160.0,95058.5,95062.5,33417.0
2026-01-14 16:30:00,95060.0,95068.5,94859.0,94901.0,47603.0
2026-01-14 16:45:00,94901.0,94981.0,94787.0,94946.0,86931.0
2026-01-14 17:00:00,94947.5,94989.5,94889.0,94896.0,29682.0
2026-01-14 17:15:00,94902.0,94915.0,94709.0,94772.5,86172.0
2026-01-14 17:30:00,94773.5,94999.5,94652.0,94996.5,117563.0
2026-01-14 17:45:00,94997.5,95099.0,94950.0,95053.0,76266.0
2026-01-14 18:00:00,95052.5,95142.0,95007.0,95038.0,75836.0
2026-01-14 18:15:00,95038.0,95068.5,95027.5,95051.5,29417.0
2026-01-14 18:30:00,95051.5,95059.5,94910.0,94942.5,66020.0
2026-01-14 18:45:00,94941.5,95212.0,94939.5,95163.0,100804.0
2026-01-14 19:00:00,95163.0,95180.0,95017.0,95042.0,56864.0
2026-01-14 19:15:00,95041.0,95067.0,94854.0,94973.0,103023.0
2026-01-14 19:30:00,94972.5,95503.0,94953.5,95444.5,292039.0
2026-01-14 19:45:00,95438.0,95778.5,95398.5,95598.0,377204.0
2026-01-14 20:00:00,95593.0,96007.5,95319.5,95820.5,434081.0
2026-01-14 20:15:00,95820.5,96792.0,95812.0,96459.0,712926.0
2026-01-14 20:30:00,96458.0,97066.0,96140.5,96909.5,515505.0
2026-01-14 20:45:00,96909.5,96963.5,96674.0,96698.0,249870.0
2026-01-14 21:00:00,96699.0,96910.0,96284.0,96376.5,355189.0
2026-01-14 21:15:00,96375.5,96783.0,96243.5,96702.0,252283.0
2026-01-14 21:30:00,96702.0,97440.0,96676.0,97339.0,424488.0
2026-01-14 21:45:00,97340.0,97425.0,97047.5,97201.0,237016.0
2026-01-14 22:00:00,97200.0,97507.0,96958.5,97464.5,397104.0
2026-01-14 22:15:00,97464.5,97668.0,97075.5,97241.5,336972.0
2026-01-14 22:30:00,97234.5,97676.5,97142.0,97611.5,248173.0
2026-01-14 22:45:00,97611.5,97744.0,97482.5,97483.0,164697.0
2026-01-14 23:00:00,97483.0,97483.0,96704.5,97115.0,478960.0
2026-01-14 23:15:00,97115.5,97384.5,96847.5,96904.5,234797.0
2026-01-14 23:30:00,96900.0,97051.0,96635.0,96715.5,183835.0
2026-01-14 23:45:00,96716.5,97009.0,96548.0,96985.5,158106.0
2026-01-15 00:00:00,96985.5,97076.0,96280.0,96337.0,267321.0
2026-01-15 00:15:00,96337.0,96869.0,96190.0,96775.0,187150.0
2026-01-15 00:30:00,96770.5,96961.0,96641.0,96960.0,108320.0
2026-01-15 00:45:00,96960.0,97548.0,96936.5,97525.0,197952.0
2026-01-15 01:00:00,97526.0,97622.0,97080.0,97323.5,117353.0
2026-01-15 01:15:00,97320.5,97481.0,97179.0,97230.0,57446.0
2026-01-15 01:30:00,97231.0,97920.0,97166.5,97587.5,169805.0
2026-01-15 01:45:00,97586.5,97601.0,97259.5,97306.0,81921.0
2026-01-15 02:00:00,97307.0,97737.5,97288.0,97521.0,65073.0
2026-01-15 02:15:00,97522.0,97635.5,97344.5,97611.5,37583.0
2026-01-15 02:30:00,97589.0,97589.0,97393.5,97464.5,34930.0
2026-01-15 02:45:00,97463.5,97570.0,97409.5,97541.0,22649.0
2026-01-15 03:00:00,97534.0,97677.5,97456.5,97456.5,44077.0
2026-01-15 03:15:00,97456.5,97571.0,97337.5,97525.5,41577.0
2026-01-15 03:30:00,97521.0,97546.0,97266.5,97293.5,16319.0
2026-01-15 03:45:00,97294.5,97447.5,97281.5,97281.5,13497.0
2026-01-15 04:00:00,97281.5,97334.5,96857.5,96991.5,83193.0
2026-01-15 04:15:00,96998.5,97261.0,96740.5,96835.0,45108.0
2026-01-15 04:30:00,96852.0,97221.5,96852.0,97205.5,24040.0
2026-01-15 04:45:00,97210.5,97340.0,96946.0,96952.5,24333.0
2026-01-15 05:00:00,96950.0,97066.0,96815.0,97005.0,19881.0
2026-01-15 05:15:00,96997.5,97050.0,96886.5,96917.0,18926.0
2026-01-15 05:30:00,96917.0,96963.5,96736.0,96949.0,40139.0
2026-01-15 05:45:00,96943.0,96962.5,96624.0,96689.0,28146.0
2026-01-15 06:00:00,96700.0,96710.0,96458.5,96564.5,43099.0
2026-01-15 06:15:00,96564.5,96644.0,96469.0,96623.5,22413.0
2026-01-15 06:30:00,96625.0,96949.0,96625.0,96709.5,51026.0
2026-01-15 06:45:00,96709.5,96735.0,96347.5,96365.5,48854.0
2026-01-15 07:00:00,96365.5,96558.0,96266.5,96449.5,61995.0
2026-01-15 07:15:00,96454.0,96524.5,96359.5,96411.5,36612.0
2026-01-15 07:30:00,96412.5,96563.0,96345.5,96349.0,38176.0
2026-01-15 07:45:00,96350.0,96560.0,96342.0,96500.5,29521.0
2026-01-15 08:00:00,96500.5,96582.0,96052.5,96294.5,105207.0
2026-01-15 08:15:00,96293.5,96312.5,96119.0,96307.5,61676.0
2026-01-15 08:30:00,96307.5,96369.0,96165.0,96245.0,51848.0
2026-01-15 08:45:00,96240.0,96352.5,95877.5,95877.5,104213.0
2026-01-15 09:00:00,95877.5,96074.5,95742.5,95874.5,133632.0
2026-01-15 09:15:00,95875.0,95997.0,95802.0,95953.5,51003.0
2026-01-15 09:30:00,95952.5,96098.0,95920.0,96043.0,64879.0
2026-01-15 09:45:00,96043.0,96356.5,95980.0,96207.0,105829.0
2026-01-15 10:00:00,96207.0,96273.0,96138.5,96206.0,58910.0
2026-01-15 10:15:00,96209.5,96283.5,96119.5,96283.5,48824.0
2026-01-15 10:30:00,96283.5,96460.0,96226.5,96228.0,111324.0
2026-01-15 10:45:00,96227.0,96384.5,96207.0,96210.5,47875.0
2026-01-15 11:00:00,96209.5,96410.0,96199.5,96404.0,63529.0
2026-01-15 11:15:00,96406.0,96491.5,96351.5,96395.5,80028.0
2026-01-15 11:30:00,96371.5,96484.0,96335.0,96415.0,69691.0
2026-01-15 11:45:00,96406.5,96543.0,96366.5,96460.5,80415.0
2026-01-15 12:00:00,96467.5,96486.0,96161.0,96167.0,137113.0
2026-01-15 12:15:00,96166.0,96317.0,96132.5,96204.5,80549.0
2026-01-15 12:30:00,96204.5,96288.5,96143.0,96166.0,42109.0
2026-01-15 12:45:00,96166.0,96460.0,96159.5,96443.0,91775.0
2026-01-15 13:00:00,96443.0,96725.5,96417.5,96560.0,179812.0
2026-01-15 13:15:00,96567.0,96649.0,96482.5,96602.5,85040.0
2026-01-15 13:30:00,96611.5,96618.0,96415.0,96447.5,70835.0
2026-01-15 13:45:00,96446.5,96539.0,96329.5,96333.5,85100.0
2026-01-15 14:00:00,96334.5,96418.0,96253.0,96402.5,81765.0
2026-01-15 14:15:00,96402.5,96639.0,96402.5,96615.5,74524.0
2026-01-15 14:30:00,96606.5,96666.5,96547.5,96549.5,70742.0
2026-01-15 14:45:00,96545.0,96795.0,96517.5,96709.5,96277.0
2026-01-15 15:00:00,96709.5,97060.5,96663.0,97038.0,196995.0
2026-01-15 15:15:00,97038.0,97165.0,96942.0,97003.0,156787.0
2026-01-15 15:30:00,97003.5,97030.0,96814.5,96824.5,117483.0
2026-01-15 15:45:00,96823.5,96893.5,96737.0,96752.5,88961.0
2026-01-15 16:00:00,96750.0,96801.5,96697.5,96739.0,58590.0
2026-01-15 16:15:00,96739.0,96832.5,96734.5,96772.5,47125.0
2026-01-15 16:30:00,96772.5,96823.0,96682.5,96712.5,50503.0
2026-01-15 16:45:00,96712.5,96838.0,96676.5,96838.0,49570.0
2026-01-15 17:00:00,96837.0,96894.5,96632.0,96650.0,105647.0
2026-01-15 17:15:00,96649.0,96681.5,96543.0,96559.0,79992.0
2026-01-15 17:30:00,96558.5,96670.0,96481.5,96653.0,100649.0
2026-01-15 17:45:00,96653.0,96661.0,96516.0,96604.0,64481.0
2026-01-15 18:00:00,96603.5,96756.0,96566.5,96710.0,59065.0
2026-01-15 18:15:00,96709.0,96973.5,96701.5,96941.5,131156.0
2026-01-15 18:30:00,96941.5,96960.5,96819.0,96826.5,74494.0
2026-01-15 18:45:00,96830.0,96958.0,96830.0,96890.5,57323.0
2026-01-15 19:00:00,96890.0,96906.5,96572.0,96741.0,188377.0
2026-01-15 19:15:00,96741.0,96998.0,96741.0,96811.0,139924.0
2026-01-15 19:30:00,96810.0,97104.5,96810.0,97092.0,176283.0
2026-01-15 19:45:00,97092.0,97110.0,96681.0,96750.0,209290.0
2026-01-15 20:00:00,96743.0,96869.0,95776.5,95786.5,751132.0
2026-01-15 20:15:00,95785.5,96389.5,95560.0,96023.0,657365.0
2026-01-15 20:30:00,96021.0,96360.0,95861.5,96218.0,402671.0
2026-01-15 20:45:00,96218.0,96417.5,95789.0,95853.5,405671.0
2026-01-15 21:00:00,95853.5,96048.5,95544.5,95842.0,336573.0
2026-01-15 21:15:00,95841.0,96795.5,95413.5,96739.0,639820.0
2026-01-15 21:30:00,96739.0,96963.5,96237.0,96340.5,393305.0
2026-01-15 21:45:00,96339.5,96581.5,96298.5,96388.0,150676.0
2026-01-15 22:00:00,96373.5,96859.5,96329.5,96755.0,183830.0
2026-01-15 22:15:00,96756.0,96818.5,96562.5,96694.0,119847.0
2026-01-15 22:30:00,96694.0,96815.5,96398.5,96458.5,178657.0
2026-01-15 22:45:00,96460.0,96695.0,96377.5,96695.0,102852.0
2026-01-15 23:00:00,96695.0,97052.0,96617.0,96905.5,258844.0
2026-01-15 23:15:00,96905.5,97037.0,96546.5,96597.5,213871.0
2026-01-15 23:30:00,96594.5,96601.0,96086.5,96217.0,258339.0
2026-01-15 23:45:00,96231.5,96249.5,96015.5,96155.0,134852.0
2026-01-16 00:00:00,96150.5,96221.5,95709.0,96005.0,206521.0
2026-01-16 00:15:00,96004.0,96006.5,95794.5,95817.0,80408.0
2026-01-16 00:30:00,95817.0,95910.5,95538.5,95763.5,154388.0
2026-01-16 00:45:00,95760.0,95874.5,95420.5,95485.0,139423.0
2026-01-16 01:00:00,95485.0,95556.0,95158.0,95376.5,181467.0
2026-01-16 01:15:00,95356.0,95688.5,95343.5,95479.5,102992.0
2026-01-16 01:30:00,95479.5,95629.5,95404.5,95512.0,66026.0
2026-01-16 01:45:00,95512.0,95546.0,95133.5,95175.5,116743.0
2026-01-16 02:00:00,95179.0,95370.5,95100.0,95240.0,77674.0
2026-01-16 02:15:00,95241.0,95288.0,95109.5,95231.0,50991.0
2026-01-16 02:30:00,95236.0,95439.5,95164.5,95302.0,35223.0
2026-01-16 02:45:00,95301.0,95464.0,95298.5,95416.5,28166.0
2026-01-16 03:00:00,95416.0,95489.0,95365.5,95463.0,21636.0
2026-01-16 03:15:00,95463.0,95608.5,95463.0,95555.5,25183.0
2026-01-16 03:30:00,95554.5,95706.5,95462.5,95530.5,48278.0
2026-01-16 03:45:00,95535.0,95727.5,95457.0,95675.5,17543.0
2026-01-16 04:00:00,95675.5,95843.5,95627.5,95635.5,32793.0
2026-01-16 04:15:00,95636.5,95687.0,95522.0,95546.5,17944.0
2026-01-16 04:30:00,95537.0,95597.5,95372.0,95569.5,26333.0
2026-01-16 04:45:00,95565.5,95685.5,95531.0,95532.0,15037.0
2026-01-16 05:00:00,95531.0,95532.0,95433.5,95483.0,10398.0
2026-01-16 05:15:00,95491.0,95603.5,95488.0,95577.5,7802.0
2026-01-16 05:30:00,95583.5,95706.0,95538.0,95639.0,17273.0
2026-01-16 05:45:00,95638.0,95738.5,95595.0,95661.5,10359.0
2026-01-16 06:00:00,95661.5,95796.0,95643.5,95774.0,16335.0
2026-01-16 06:15:00,95776.5,95776.5,95573.0,95591.5,12001.0
2026-01-16 06:30:00,95599.0,95600.0,95391.0,95450.0,32253.0
2026-01-16 06:45:00,95443.0,95631.0,95434.5,95624.5,26910.0
2026-01-16 07:00:00,95624.5,95835.0,95609.0,95618.5,43154.0
2026-01-16 07:15:00,95618.5,95738.0,95618.5,95633.0,16888.0
2026-01-16 07:30:00,95633.0,95633.0,95409.5,95432.5,53577.0
2026-01-16 07:45:00,95432.5,95658.5,95359.5,95647.0,50767.0
2026-01-16 08:00:00,95646.0,95649.5,95409.0,95460.0,25840.0
2026-01-16 08:15:00,95459.0,95526.5,95453.0,95478.5,17035.0
2026-01-16 08:30:00,95478.5,95560.0,95478.5,95552.0,17435.0
2026-01-16 08:45:00,95550.0,95550.5,95462.0,95472.0,16254.0
2026-01-16 09:00:00,95472.0,95473.0,95365.0,95416.0,31808.0
2026-01-16 09:15:00,95416.0,95416.5,95294.0,95330.0,41405.0
2026-01-16 09:30:00,95329.0,95423.5,95311.0,95406.5,31678.0
2026-01-16 09:45:00,95406.5,95556.5,95364.5,95370.5,50862.0
2026-01-16 10:00:00,95369.5,95422.0,95160.0,95203.5,87532.0
2026-01-16 10:15:00,95204.5,95260.0,95121.0,95243.5,69117.0
2026-01-16 10:30:00,95241.5,95419.5,95220.5,95374.0,76610.0
2026-01-16 10:45:00,95374.0,95404.0,95233.0,95274.5,36447.0
2026-01-16 11:00:00,95275.5,95631.0,95265.0,95562.5,77446.0
2026-01-16 11:15:00,95561.5,95664.5,95537.0,95626.0,58033.0
2026-01-16 11:30:00,95625.0,95800.0,95557.0,95580.0,105352.0
2026-01-16 11:45:00,95581.0,95661.5,95495.5,95629.5,46531.0
2026-01-16 12:00:00,95630.0,95710.0,95601.0,95669.0,32902.0
2026-01-16 12:15:00,95663.0,95730.0,95634.5,95712.5,25738.0
2026-01-16 12:30:00,95712.5,95760.0,95661.5,95661.5,24488.0
2026-01-16 12:45:00,95660.5,95660.5,95536.5,95557.0,37069.0
2026-01-16 13:00:00,95558.0,95558.0,95442.0,95460.0,60920.0
2026-01-16 13:15:00,95460.0,95644.0,95459.0,95618.5,41956.0
2026-01-16 13:30:00,95619.0,95685.0,95538.5,95677.5,32021.0
2026-01-16 13:45:00,95678.5,95795.0,95646.5,95769.0,44224.0
2026-01-16 14:00:00,95776.5,95815.5,95630.5,95745.5,66424.0
2026-01-16 14:15:00,95740.5,95748.5,95632.0,95637.5,21205.0
2026-01-16 14:30:00,95637.5,95751.0,95624.0,95654.5,30525.0
2026-01-16 14:45:00,95654.5,95691.0,95551.5,95690.0,37970.0
2026-01-16 15:00:00,95700.0,95702.0,95605.5,95626.5,14637.0
2026-01-16 15:15:00,95592.5,95604.0,95567.5,95577.5,21092.0
2026-01-16 15:30:00,95567.0,95568.0,95453.0,95531.0,61608.0
2026-01-16 15:45:00,95532.0,95532.0,95385.5,95392.0,77074.0
2026-01-16 16:00:00,95392.5,95398.5,95287.0,95351.5,75907.0
2026-01-16 16:15:00,95352.5,95386.5,95263.5,95282.0,59151.0
2026-01-16 16:30:00,95282.0,95350.0,95220.0,95275.0,76217.0
2026-01-16 16:45:00,95278.0,95349.0,95222.0,95324.0,48654.0
2026-01-16 17:00:00,95323.0,95381.5,95275.5,95275.5,37935.0
2026-01-16 17:15:00,95275.5,95446.0,95266.0,95393.0,57137.0
2026-01-16 17:30:00,95392.0,95459.5,95376.0,95443.0,40062.0
2026-01-16 17:45:00,95442.0,95546.0,95432.0,95541.0,59699.0
2026-01-16 18:00:00,95540.0,95541.0,95398.5,95463.5,51969.0
2026-01-16 18:15:00,95463.0,95480.0,95324.0,95424.0,55056.0
2026-01-16 18:30:00,95425.0,95503.5,95358.5,95502.5,42966.0
2026-01-16 18:45:00,95502.5,95529.0,95441.5,95485.0,55964.0
2026-01-16 19:00:00,95483.0,95545.5,95247.5,95380.5,111894.0
2026-01-16 19:15:00,95379.5,95454.5,95362.5,95409.5,47745.0
2026-01-16 19:30:00,95409.5,95532.0,95396.5,95415.0,50329.0
2026-01-16 19:45:00,95415.0,95680.0,95310.5,95679.0,150829.0
2026-01-16 20:00:00,95680.0,95773.0,95178.0,95179.0,406041.0
2026-01-16 20:15:00,95179.5,95461.5,95139.5,95146.0,225166.0
2026-01-16 20:30:00,95146.0,95646.0,95012.5,95545.0,518322.0
2026-01-16 20:45:00,95545.0,95565.0,94647.5,94682.0,620266.0
2026-01-16 21:00:00,94683.0,94790.0,94356.0,94498.0,494674.0
2026-01-16 21:15:00,94498.0,94644.0,94243.5,94546.5,298607.0
2026-01-16 21:30:00,94547.5,94834.5,94464.5,94770.0,229568.0
2026-01-16 21:45:00,94770.0,94909.5,94558.5,94834.5,165415.0
2026-01-16 22:00:00,94836.0,94938.0,94654.0,94859.5,182691.0
2026-01-16 22:15:00,94859.0,94959.5,94737.5,94836.5,109901.0
2026-01-16 22:30:00,94835.5,94836.5,94620.0,94765.0,141845.0
2026-01-16 22:45:00,94765.0,94882.5,94515.0,94729.0,162190.0
2026-01-16 23:00:00,94728.0,94824.5,94707.5,94823.5,23077.0
